,comment,company_name,final_difference,name_of_revenue_stream,paid_to,payment_category,per_company_adjust,per_company_final,per_company_original,per_government_adjust,per_government_final,per_government_original,units
3111,,Myanmar CNMC Nickel Co; LTD (*),0,Production Split (Government and SOEs share),,payments in kind,0,0,0,0,0,0,gold in t.oz
3112,,Myanmar CNMC Nickel Co; LTD (*),0,Royalties,,payments in kind,0,0,0,0,0,0,gold in t.oz
3113,Tax not reported by the extractive company,Myanmar CNMC Nickel Co; LTD (*),-7653645625,Corporate Income Tax (CIT),MoF-IRD-Customs Department,payments in cash,0,0,0,0,7653645625,7653645625,MMK
3114,,Myanmar CNMC Nickel Co; LTD (*),0,Commercial Tax,MoF-IRD-Customs Department,payments in cash,0,0,0,0,0,0,MMK
3115,Missing extractive company detail per receipt number,Myanmar CNMC Nickel Co; LTD (*),204451521,Commercial Tax on Imports,MoF-IRD-Customs Department,payments in cash,0,326902321,326902321,0,122450800,122450800,MMK
3116,Tax not reported by the extractive company,Myanmar CNMC Nickel Co; LTD (*),-17646005.81,Customs Duties,MoF-IRD-Customs Department,payments in cash,0,50330036.42,50330036.42,0,67976042.23,67976042.23,MMK
3117,Not material difference,Myanmar CNMC Nickel Co; LTD (*),235300,Stamp Duties,MoF-IRD-Customs Department,payments in cash,0,235300,235300,0,0,0,MMK
3118,,Myanmar CNMC Nickel Co; LTD (*),0,Capital Gains Tax,MoF-IRD-Customs Department,payments in cash,0,0,0,0,0,0,MMK
3119,Tax not reported by the Govt Body,Myanmar CNMC Nickel Co; LTD (*),374422546.5,Withholding Tax,MoF-IRD-Customs Department,payments in cash,0,374422546.5,374422546.5,0,0,0,MMK
3120,,Myanmar CNMC Nickel Co; LTD (*),0,"Other significant payments (> 50,000 USD)",MoF-IRD-Customs Department,payments in cash,-199241244.4,0,199241244.4,0,0,0,MMK
3121,Tax not reported by the Govt Body,Myanmar CNMC Nickel Co; LTD (*),541457695.6,Royalties,MoM (ME 1-ME 2-ME 3),payments in cash,0,17502030900,17502030900,0,16960573204,16960573204,MMK
3122,,Myanmar CNMC Nickel Co; LTD (*),0,Signature Bonus,MoM (ME 1-ME 2-ME 3),payments in cash,0,0,0,0,0,0,MMK
3123,,Myanmar CNMC Nickel Co; LTD (*),0,Production Split,MoM (ME 1-ME 2-ME 3),payments in cash,2099895718,24118855762,22018960045,0,24118855762,24118855762,MMK
3124,Tax not reported by the extractive company,Myanmar CNMC Nickel Co; LTD (*),-105104616.4,Dead Rent Fees,MoM (ME 1-ME 2-ME 3),payments in cash,0,45170012.95,45170012.95,0,150274629.3,150274629.3,MMK
3125,,Myanmar CNMC Nickel Co; LTD (*),0,Licence Fees,MoM (ME 1-ME 2-ME 3),payments in cash,0,0,0,0,0,0,MMK
3126,,Myanmar CNMC Nickel Co; LTD (*),0,Dividends,MoM (ME 1-ME 2-ME 3),payments in cash,0,0,0,0,0,0,MMK
3127,,Myanmar CNMC Nickel Co; LTD (*),0,Land rental fees,MoM (ME 1-ME 2-ME 3),payments in cash,0,0,0,0,0,0,MMK
3128,,Myanmar CNMC Nickel Co; LTD (*),0,Environmental / Plantation fees,MoM (ME 1-ME 2-ME 3),payments in cash,0,0,0,0,0,0,MMK
3129,,Myanmar CNMC Nickel Co; LTD (*),0,"Other significant payments (> 50,000 USD)",MoM (ME 1-ME 2-ME 3),payments in cash,0,0,0,0,0,0,MMK
3130,,Myanmar CNMC Nickel Co; LTD (*),0,Contribution to the State/region social development fund,States/regions,payments in cash,0,0,0,0,0,0,MMK
3131,,Myanmar CNMC Nickel Co; LTD (*),0,Mandatory Corporate Social Responsibility,Social payments,payments in cash,0,0,0,0,0,0,MMK
3132,,Myanmar CNMC Nickel Co; LTD (*),0,Voluntary Corporate Social Responsibility,Social payments,payments in cash,0,383444772,383444772,0,0,0,MMK
3133,,Myanma Economic Corporation,0,Production Split (Government and SOEs share),,payments in kind,0,0,0,0,0,0,tin in mt
3134,,Myanma Economic Corporation,0,Royalties,,payments in kind,0,0,0,0,0,0,tin in mt
3135,,Myanma Economic Corporation,0,Corporate Income Tax (CIT),MoF-IRD-Customs Department,payments in cash,0,0,0,-12567774767,0,12567774767,MMK
3136,,Myanma Economic Corporation,0,Commercial Tax,MoF-IRD-Customs Department,payments in cash,0,0,0,-5254801561,0,5254801561,MMK
3137,,Myanma Economic Corporation,0,Commercial Tax on Imports,MoF-IRD-Customs Department,payments in cash,0,0,0,0,0,0,MMK
3138,,Myanma Economic Corporation,0,Customs Duties,MoF-IRD-Customs Department,payments in cash,0,0,0,0,0,0,MMK
3139,,Myanma Economic Corporation,0,Stamp Duties,MoF-IRD-Customs Department,payments in cash,0,0,0,0,0,0,MMK
3140,,Myanma Economic Corporation,0,Capital Gains Tax,MoF-IRD-Customs Department,payments in cash,0,0,0,0,0,0,MMK
3141,,Myanma Economic Corporation,0,Withholding Tax,MoF-IRD-Customs Department,payments in cash,0,0,0,0,0,0,MMK
3142,,Myanma Economic Corporation,0,"Other significant payments (> 50,000 USD)",MoF-IRD-Customs Department,payments in cash,0,0,0,0,0,0,MMK
3143,Not material difference,Myanma Economic Corporation,-2322136.95,Royalties,MoM (ME 1-ME 2-ME 3),payments in cash,0,622620,622620,0,2944756.95,2944756.95,MMK
3144,Not material difference,Myanma Economic Corporation,-2000000,Signature Bonus,MoM (ME 1-ME 2-ME 3),payments in cash,0,0,0,0,2000000,2000000,MMK
3145,,Myanma Economic Corporation,0,Production Split,MoM (ME 1-ME 2-ME 3),payments in cash,0,0,0,0,0,0,MMK
3146,,Myanma Economic Corporation,0,Dead Rent Fees,MoM (ME 1-ME 2-ME 3),payments in cash,0,637600,637600,0,637600,637600,MMK
3147,,Myanma Economic Corporation,0,Licence Fees,MoM (ME 1-ME 2-ME 3),payments in cash,0,0,0,0,0,0,MMK
3148,,Myanma Economic Corporation,0,Dividends,MoM (ME 1-ME 2-ME 3),payments in cash,0,0,0,0,0,0,MMK
3149,,Myanma Economic Corporation,0,Land rental fees,MoM (ME 1-ME 2-ME 3),payments in cash,0,0,0,0,0,0,MMK
3150,,Myanma Economic Corporation,0,Environmental / Plantation fees,MoM (ME 1-ME 2-ME 3),payments in cash,0,0,0,0,0,0,MMK
3151,,Myanma Economic Corporation,0,"Other significant payments (> 50,000 USD)",MoM (ME 1-ME 2-ME 3),payments in cash,0,0,0,0,0,0,MMK
3152,,Myanma Economic Corporation,0,Contribution to the State/region social development fund,States/regions,payments in cash,0,0,0,0,0,0,MMK
3153,,Myanma Economic Corporation,0,Mandatory Corporate Social Responsibility,Social payments,payments in cash,0,0,0,0,0,0,MMK
3154,,Myanma Economic Corporation,0,Voluntary Corporate Social Responsibility,Social payments,payments in cash,0,0,0,0,0,0,MMK
3155,Tax not reported by the Govt Body,"Ruby Dragon Mining Co., Ltd.",528,Production Split (Government and SOEs share),,payments in kind,0,528,528,0,0,0,tin in mt
3156,,"Ruby Dragon Mining Co., Ltd.",0,Royalties,,payments in kind,0,0,0,0,0,0,tin in mt
3157,,"Ruby Dragon Mining Co., Ltd.",0,Corporate Income Tax (CIT),MoF-IRD-Customs Department,payments in cash,0,70750624,70750624,0,70750624,70750624,MMK
3158,,"Ruby Dragon Mining Co., Ltd.",0,Commercial Tax,MoF-IRD-Customs Department,payments in cash,0,700000,700000,0,700000,700000,MMK
3159,,"Ruby Dragon Mining Co., Ltd.",0,Commercial Tax on Imports,MoF-IRD-Customs Department,payments in cash,0,23698826,23698826,23698826,23698826,0,MMK
3160,,"Ruby Dragon Mining Co., Ltd.",0,Customs Duties,MoF-IRD-Customs Department,payments in cash,0,4693582.84,4693582.84,0,4693582.84,4693582.84,MMK
3161,Not material difference,"Ruby Dragon Mining Co., Ltd.",1500000,Stamp Duties,MoF-IRD-Customs Department,payments in cash,0,1500000,1500000,0,0,0,MMK
3162,,"Ruby Dragon Mining Co., Ltd.",0,Capital Gains Tax,MoF-IRD-Customs Department,payments in cash,0,0,0,0,0,0,MMK
3163,,"Ruby Dragon Mining Co., Ltd.",0,Withholding Tax,MoF-IRD-Customs Department,payments in cash,0,0,0,0,0,0,MMK
3164,,"Ruby Dragon Mining Co., Ltd.",0,"Other significant payments (> 50,000 USD)",MoF-IRD-Customs Department,payments in cash,0,0,0,0,0,0,MMK
3165,Tax not reported by the Govt Body,"Ruby Dragon Mining Co., Ltd.",62493851.83,Royalties,MoM (ME 1-ME 2-ME 3),payments in cash,0,65613851.83,65613851.83,0,3120000,3120000,MMK
3166,Not material difference,"Ruby Dragon Mining Co., Ltd.",-4000000,Signature Bonus,MoM (ME 1-ME 2-ME 3),payments in cash,0,0,0,0,4000000,4000000,MMK
3167,Tax not reported by the Govt Body,"Ruby Dragon Mining Co., Ltd.",449955733.2,Production Split,MoM (ME 1-ME 2-ME 3),payments in cash,0,477891733.2,477891733.2,0,27936000,27936000,MMK
3168,,"Ruby Dragon Mining Co., Ltd.",0,Dead Rent Fees,MoM (ME 1-ME 2-ME 3),payments in cash,0,27303388,27303388,21327788,27303388,5975600,MMK
3169,Tax not reported by the Govt Body,"Ruby Dragon Mining Co., Ltd.",57743500,Licence Fees,MoM (ME 1-ME 2-ME 3),payments in cash,0,57745500,57745500,0,2000,2000,MMK
3170,,"Ruby Dragon Mining Co., Ltd.",0,Dividends,MoM (ME 1-ME 2-ME 3),payments in cash,0,0,0,0,0,0,MMK
3171,Tax not reported by the extractive company,"Ruby Dragon Mining Co., Ltd.",-6497500,Land rental fees,MoM (ME 1-ME 2-ME 3),payments in cash,0,0,0,0,6497500,6497500,MMK
3172,,"Ruby Dragon Mining Co., Ltd.",0,Environmental / Plantation fees,MoM (ME 1-ME 2-ME 3),payments in cash,0,0,0,0,0,0,MMK
3173,,"Ruby Dragon Mining Co., Ltd.",0,"Other significant payments (> 50,000 USD)",MoM (ME 1-ME 2-ME 3),payments in cash,0,0,0,0,0,0,MMK
3174,,"Ruby Dragon Mining Co., Ltd.",0,Contribution to the State/region social development fund,States/regions,payments in cash,0,0,0,0,0,0,MMK
3175,,"Ruby Dragon Mining Co., Ltd.",0,Mandatory Corporate Social Responsibility,Social payments,payments in cash,0,0,0,0,0,0,MMK
3176,,"Ruby Dragon Mining Co., Ltd.",0,Voluntary Corporate Social Responsibility,Social payments,payments in cash,0,0,0,0,0,0,MMK
3177,,"Shwe Taung Mining Co., Ltd.",0,Production Split (Government and SOEs share),,payments in kind,0,0,0,0,0,0,in (please mention the commodity)
3178,,"Shwe Taung Mining Co., Ltd.",0,Royalties,,payments in kind,0,0,0,0,0,0,in (please mention the commodity)
3179,,"Shwe Taung Mining Co., Ltd.",0,Corporate Income Tax (CIT),MoF-IRD-Customs Department,payments in cash,-47855262,11094034,58949296,0,11094034,11094034,MMK
3180,,"Shwe Taung Mining Co., Ltd.",0,Commercial Tax,MoF-IRD-Customs Department,payments in cash,-14725759,33021265,47747024,0,33021265,33021265,MMK
3181,,"Shwe Taung Mining Co., Ltd.",0,Commercial Tax on Imports,MoF-IRD-Customs Department,payments in cash,0,0,0,0,0,0,MMK
3182,Tax not reported by the extractive company,"Shwe Taung Mining Co., Ltd.",-280239685,Customs Duties,MoF-IRD-Customs Department,payments in cash,0,0,0,0,280239685,280239685,MMK
3183,,"Shwe Taung Mining Co., Ltd.",0,Stamp Duties,MoF-IRD-Customs Department,payments in cash,0,0,0,0,0,0,MMK
3184,,"Shwe Taung Mining Co., Ltd.",0,Capital Gains Tax,MoF-IRD-Customs Department,payments in cash,0,0,0,0,0,0,MMK
3185,,"Shwe Taung Mining Co., Ltd.",0,Withholding Tax,MoF-IRD-Customs Department,payments in cash,0,0,0,0,0,0,MMK
3186,,"Shwe Taung Mining Co., Ltd.",0,"Other significant payments (> 50,000 USD)",MoF-IRD-Customs Department,payments in cash,0,0,0,0,0,0,MMK
3187,,"Shwe Taung Mining Co., Ltd.",0,Royalties,MoM (ME 1-ME 2-ME 3),payments in cash,22588200,22588200,0,0,22588200,22588200,MMK
3188,Not material difference,"Shwe Taung Mining Co., Ltd.",-1000000,Signature Bonus,MoM (ME 1-ME 2-ME 3),payments in cash,0,0,0,0,1000000,1000000,MMK
3189,,"Shwe Taung Mining Co., Ltd.",0,Production Split,MoM (ME 1-ME 2-ME 3),payments in cash,533851380,533851380,0,0,533851380,533851380,MMK
3190,,"Shwe Taung Mining Co., Ltd.",0,Dead Rent Fees,MoM (ME 1-ME 2-ME 3),payments in cash,-42446600,14569200,57015800,0,14569200,14569200,MMK
3191,Not material difference,"Shwe Taung Mining Co., Ltd.",-2000,Licence Fees,MoM (ME 1-ME 2-ME 3),payments in cash,0,0,0,0,2000,2000,MMK
3192,,"Shwe Taung Mining Co., Ltd.",0,Dividends,MoM (ME 1-ME 2-ME 3),payments in cash,0,0,0,0,0,0,MMK
3193,,"Shwe Taung Mining Co., Ltd.",0,Land rental fees,MoM (ME 1-ME 2-ME 3),payments in cash,10665000,10665000,0,0,10665000,10665000,MMK
3194,,"Shwe Taung Mining Co., Ltd.",0,Environmental / Plantation fees,MoM (ME 1-ME 2-ME 3),payments in cash,0,0,0,0,0,0,MMK
3195,,"Shwe Taung Mining Co., Ltd.",0,"Other significant payments (> 50,000 USD)",MoM (ME 1-ME 2-ME 3),payments in cash,0,0,0,0,0,0,MMK
3196,,"Shwe Taung Mining Co., Ltd.",0,Contribution to the State/region social development fund,States/regions,payments in cash,0,0,0,0,0,0,MMK
3197,,"Shwe Taung Mining Co., Ltd.",0,Mandatory Corporate Social Responsibility,Social payments,payments in cash,0,0,0,0,0,0,MMK
3198,,"Shwe Taung Mining Co., Ltd.",0,Voluntary Corporate Social Responsibility,Social payments,payments in cash,0,0,0,0,0,0,MMK
3199,,"NgweYi Palae Mining Co.,Ltd (*)",0,Production Split (Government and SOEs share),,payments in kind,0,0,0,0,0,0,antimony ore
3200,,"NgweYi Palae Mining Co.,Ltd (*)",0,Royalties,,payments in kind,0,0,0,0,0,0,antimony ore
3201,Tax not reported by the extractive company,"NgweYi Palae Mining Co.,Ltd (*)",-216718413,Corporate Income Tax (CIT),MoF-IRD-Customs Department,payments in cash,0,4015701,4015701,0,220734114,220734114,MMK
3202,Tax not reported by the extractive company,"NgweYi Palae Mining Co.,Ltd (*)",-602799658,Commercial Tax,MoF-IRD-Customs Department,payments in cash,0,11907581,11907581,0,614707239,614707239,MMK
3203,,"NgweYi Palae Mining Co.,Ltd (*)",0,Commercial Tax on Imports,MoF-IRD-Customs Department,payments in cash,0,0,0,0,0,0,MMK
3204,Not material difference,"NgweYi Palae Mining Co.,Ltd (*)",-109753.55,Customs Duties,MoF-IRD-Customs Department,payments in cash,0,0,0,0,109753.55,109753.55,MMK
3205,,"NgweYi Palae Mining Co.,Ltd (*)",0,Stamp Duties,MoF-IRD-Customs Department,payments in cash,0,0,0,0,0,0,MMK
3206,,"NgweYi Palae Mining Co.,Ltd (*)",0,Capital Gains Tax,MoF-IRD-Customs Department,payments in cash,0,0,0,0,0,0,MMK
3207,,"NgweYi Palae Mining Co.,Ltd (*)",0,Withholding Tax,MoF-IRD-Customs Department,payments in cash,0,0,0,0,0,0,MMK
3208,,"NgweYi Palae Mining Co.,Ltd (*)",0,"Other significant payments (> 50,000 USD)",MoF-IRD-Customs Department,payments in cash,0,0,0,0,0,0,MMK
3209,Tax not reported by the Govt Body,"NgweYi Palae Mining Co.,Ltd (*)",44755500,Royalties,MoM (ME 1-ME 2-ME 3),payments in cash,0,58495500,58495500,0,13740000,13740000,MMK
3210,Tax not reported by the extractive company,"NgweYi Palae Mining Co.,Ltd (*)",-3044000,Signature Bonus,MoM (ME 1-ME 2-ME 3),payments in cash,0,0,0,0,3044000,3044000,MMK
3211,Tax not reported by the Govt Body,"NgweYi Palae Mining Co.,Ltd (*)",483191700,Production Split,MoM (ME 1-ME 2-ME 3),payments in cash,0,861870000,861870000,0,378678300,378678300,MMK
3212,Tax not reported by the Govt Body,"NgweYi Palae Mining Co.,Ltd (*)",20574888,Dead Rent Fees,MoM (ME 1-ME 2-ME 3),payments in cash,0,24252698,24252698,0,3677810,3677810,MMK
3213,Not material difference,"NgweYi Palae Mining Co.,Ltd (*)",-2000,Licence Fees,MoM (ME 1-ME 2-ME 3),payments in cash,0,0,0,0,2000,2000,MMK
3214,,"NgweYi Palae Mining Co.,Ltd (*)",0,Dividends,MoM (ME 1-ME 2-ME 3),payments in cash,0,0,0,0,0,0,MMK
3215,,"NgweYi Palae Mining Co.,Ltd (*)",0,Land rental fees,MoM (ME 1-ME 2-ME 3),payments in cash,0,0,0,0,0,0,MMK
3216,Tax not reported by the Govt Body,"NgweYi Palae Mining Co.,Ltd (*)",27965100,Environmental / Plantation fees,MoM (ME 1-ME 2-ME 3),payments in cash,0,27965100,27965100,0,0,0,MMK
3217,,"NgweYi Palae Mining Co.,Ltd (*)",0,"Other significant payments (> 50,000 USD)",MoM (ME 1-ME 2-ME 3),payments in cash,0,0,0,0,0,0,MMK
3218,,"NgweYi Palae Mining Co.,Ltd (*)",0,Contribution to the State/region social development fund,States/regions,payments in cash,0,0,0,0,0,0,MMK
3219,,"NgweYi Palae Mining Co.,Ltd (*)",0,Mandatory Corporate Social Responsibility,Social payments,payments in cash,0,0,0,0,0,0,MMK
3220,,"NgweYi Palae Mining Co.,Ltd (*)",0,Voluntary Corporate Social Responsibility,Social payments,payments in cash,0,201272500,201272500,0,0,0,MMK
3221,,"Win Myint Mo Industries Co.,Ltd (*)",0,Production Split (Government and SOEs share),nan,payments in kind,0,0,0,0,0,0,MMK
3222,,"Win Myint Mo Industries Co.,Ltd (*)",0,Royalties,nan,payments in kind,0,0,0,0,0,0,MMK
3223,Tax not reported by the Govt Body,"Win Myint Mo Industries Co.,Ltd (*)",62019460,Corporate Income Tax (CIT),MoF-IRD-Customs Department,payments in cash,0,62019460,62019460,0,0,0,MMK
3224,,"Win Myint Mo Industries Co.,Ltd (*)",0,Commercial Tax,MoF-IRD-Customs Department,payments in cash,0,0,0,0,0,0,MMK
3225,,"Win Myint Mo Industries Co.,Ltd (*)",0,Commercial Tax on Imports,MoF-IRD-Customs Department,payments in cash,0,0,0,0,0,0,MMK
3226,Not material difference,"Win Myint Mo Industries Co.,Ltd (*)",-821120,Customs Duties,MoF-IRD-Customs Department,payments in cash,0,0,0,0,821120,821120,MMK
3227,,"Win Myint Mo Industries Co.,Ltd (*)",0,Stamp Duties,MoF-IRD-Customs Department,payments in cash,0,0,0,0,0,0,MMK
3228,,"Win Myint Mo Industries Co.,Ltd (*)",0,Capital Gains Tax,MoF-IRD-Customs Department,payments in cash,0,0,0,0,0,0,MMK
3229,,"Win Myint Mo Industries Co.,Ltd (*)",0,Withholding Tax,MoF-IRD-Customs Department,payments in cash,0,0,0,0,0,0,MMK
3230,,"Win Myint Mo Industries Co.,Ltd (*)",0,"Other significant payments (> 50,000 USD)",MoF-IRD-Customs Department,payments in cash,0,0,0,0,0,0,MMK
3231,Tax not reported by the extractive company,"Win Myint Mo Industries Co.,Ltd (*)",-36581931.76,Royalties,MoM (ME 1-ME 2-ME 3),payments in cash,0,47830827.21,47830827.21,0,84412758.97,84412758.97,MMK
3232,Tax not reported by the extractive company,"Win Myint Mo Industries Co.,Ltd (*)",-10000000,Signature Bonus,MoM (ME 1-ME 2-ME 3),payments in cash,0,0,0,0,10000000,10000000,MMK
3233,Tax not reported by the extractive company,"Win Myint Mo Industries Co.,Ltd (*)",-478328747.5,Production Split,MoM (ME 1-ME 2-ME 3),payments in cash,0,567903495.2,567903495.2,0,1046232243,1046232243,MMK
3234,,"Win Myint Mo Industries Co.,Ltd (*)",0,Dead Rent Fees,MoM (ME 1-ME 2-ME 3),payments in cash,0,374885948,374885948,0,374885948,374885948,MMK
3235,,"Win Myint Mo Industries Co.,Ltd (*)",0,Licence Fees,MoM (ME 1-ME 2-ME 3),payments in cash,0,0,0,0,0,0,MMK
3236,,"Win Myint Mo Industries Co.,Ltd (*)",0,Dividends,MoM (ME 1-ME 2-ME 3),payments in cash,0,0,0,0,0,0,MMK
3237,,"Win Myint Mo Industries Co.,Ltd (*)",0,Land rental fees,MoM (ME 1-ME 2-ME 3),payments in cash,0,0,0,0,0,0,MMK
3238,,"Win Myint Mo Industries Co.,Ltd (*)",0,Environmental / Plantation fees,MoM (ME 1-ME 2-ME 3),payments in cash,0,0,0,0,0,0,MMK
3239,Tax not reported by the Govt Body,"Win Myint Mo Industries Co.,Ltd (*)",5859935.05,"Other significant payments (> 50,000 USD)",MoM (ME 1-ME 2-ME 3),payments in cash,0,621963935.1,621963935.1,0,616104000,616104000,MMK
3240,,"Win Myint Mo Industries Co.,Ltd (*)",0,Contribution to the State/region social development fund,States/regions,payments in cash,0,0,0,0,0,0,MMK
3241,,"Win Myint Mo Industries Co.,Ltd (*)",0,Mandatory Corporate Social Responsibility,Social payments,payments in cash,0,0,0,0,0,0,MMK
3242,,"Win Myint Mo Industries Co.,Ltd (*)",0,Voluntary Corporate Social Responsibility,Social payments,payments in cash,0,21288839.74,21288839.74,0,0,0,MMK
3243,,"Tha Byu Mining Co.,Ltd (*)",0,Production Split (Government and SOEs share),,payments in kind,0,0,0,0,0,0,tin in mt
3244,,"Tha Byu Mining Co.,Ltd (*)",0,Royalties,,payments in kind,0,0,0,0,0,0,tin in mt
3245,,"Tha Byu Mining Co.,Ltd (*)",0,Corporate Income Tax (CIT),MoF-IRD-Customs Department,payments in cash,20517840,26534534,6016694,0,26534534,26534534,MMK
3246,,"Tha Byu Mining Co.,Ltd (*)",0,Commercial Tax,MoF-IRD-Customs Department,payments in cash,0,0,0,0,0,0,MMK
3247,,"Tha Byu Mining Co.,Ltd (*)",0,Commercial Tax on Imports,MoF-IRD-Customs Department,payments in cash,0,0,0,0,0,0,MMK
3248,,"Tha Byu Mining Co.,Ltd (*)",0,Customs Duties,MoF-IRD-Customs Department,payments in cash,0,0,0,0,0,0,MMK
3249,,"Tha Byu Mining Co.,Ltd (*)",0,Stamp Duties,MoF-IRD-Customs Department,payments in cash,0,0,0,0,0,0,MMK
3250,,"Tha Byu Mining Co.,Ltd (*)",0,Capital Gains Tax,MoF-IRD-Customs Department,payments in cash,0,0,0,0,0,0,MMK
3251,,"Tha Byu Mining Co.,Ltd (*)",0,Withholding Tax,MoF-IRD-Customs Department,payments in cash,-20517840,0,20517840,0,0,0,MMK
3252,,"Tha Byu Mining Co.,Ltd (*)",0,"Other significant payments (> 50,000 USD)",MoF-IRD-Customs Department,payments in cash,0,0,0,0,0,0,MMK
3253,Not material difference,"Tha Byu Mining Co.,Ltd (*)",-0.560000002,Royalties,MoM (ME 1-ME 2-ME 3),payments in cash,0,40488826,40488826,0,40488826.56,40488826.56,MMK
3254,,"Tha Byu Mining Co.,Ltd (*)",0,Signature Bonus,MoM (ME 1-ME 2-ME 3),payments in cash,0,0,0,0,0,0,MMK
3255,Not material difference,"Tha Byu Mining Co.,Ltd (*)",-4631655.4,Production Split,MoM (ME 1-ME 2-ME 3),payments in cash,0,291519551,291519551,0,296151206.4,296151206.4,MMK
3256,,"Tha Byu Mining Co.,Ltd (*)",0,Dead Rent Fees,MoM (ME 1-ME 2-ME 3),payments in cash,-48077700,0,48077700,0,0,0,MMK
3257,,"Tha Byu Mining Co.,Ltd (*)",0,Licence Fees,MoM (ME 1-ME 2-ME 3),payments in cash,0,0,0,0,0,0,MMK
3258,,"Tha Byu Mining Co.,Ltd (*)",0,Dividends,MoM (ME 1-ME 2-ME 3),payments in cash,0,0,0,0,0,0,MMK
3259,,"Tha Byu Mining Co.,Ltd (*)",0,Land rental fees,MoM (ME 1-ME 2-ME 3),payments in cash,0,0,0,0,0,0,MMK
3260,,"Tha Byu Mining Co.,Ltd (*)",0,Environmental / Plantation fees,MoM (ME 1-ME 2-ME 3),payments in cash,0,0,0,0,0,0,MMK
3261,,"Tha Byu Mining Co.,Ltd (*)",0,"Other significant payments (> 50,000 USD)",MoM (ME 1-ME 2-ME 3),payments in cash,0,0,0,0,0,0,MMK
3262,,"Tha Byu Mining Co.,Ltd (*)",0,Contribution to the State/region social development fund,States/regions,payments in cash,0,0,0,0,0,0,MMK
3263,,"Tha Byu Mining Co.,Ltd (*)",0,Mandatory Corporate Social Responsibility,Social payments,payments in cash,0,0,0,0,0,0,MMK
3264,,"Tha Byu Mining Co.,Ltd (*)",0,Voluntary Corporate Social Responsibility,Social payments,payments in cash,0,0,0,0,0,0,MMK
3265,,"GPS Joint Venture Co., Ltd. (*)",0,Production Split (Government and SOEs share),,payments in kind,0,0,0,0,0,0,in (please mention the commodity)
3266,,"GPS Joint Venture Co., Ltd. (*)",0,Royalties,,payments in kind,0,0,0,0,0,0,in (please mention the commodity)
3267,,"GPS Joint Venture Co., Ltd. (*)",0,Corporate Income Tax (CIT),MoF-IRD-Customs Department,payments in cash,0,0,0,0,0,0,MMK
3268,,"GPS Joint Venture Co., Ltd. (*)",0,Commercial Tax,MoF-IRD-Customs Department,payments in cash,0,0,0,0,0,0,MMK
3269,,"GPS Joint Venture Co., Ltd. (*)",0,Commercial Tax on Imports,MoF-IRD-Customs Department,payments in cash,0,0,0,0,0,0,MMK
3270,,"GPS Joint Venture Co., Ltd. (*)",0,Customs Duties,MoF-IRD-Customs Department,payments in cash,0,0,0,0,0,0,MMK
3271,,"GPS Joint Venture Co., Ltd. (*)",0,Stamp Duties,MoF-IRD-Customs Department,payments in cash,0,0,0,0,0,0,MMK
3272,,"GPS Joint Venture Co., Ltd. (*)",0,Capital Gains Tax,MoF-IRD-Customs Department,payments in cash,0,0,0,0,0,0,MMK
3273,,"GPS Joint Venture Co., Ltd. (*)",0,Withholding Tax,MoF-IRD-Customs Department,payments in cash,0,0,0,0,0,0,MMK
3274,,"GPS Joint Venture Co., Ltd. (*)",0,"Other significant payments (> 50,000 USD)",MoF-IRD-Customs Department,payments in cash,0,0,0,0,0,0,MMK
3275,,"GPS Joint Venture Co., Ltd. (*)",0,Royalties,MoM (ME 1-ME 2-ME 3),payments in cash,0,103335076,103335076,0,103335076,103335076,MMK
3276,,"GPS Joint Venture Co., Ltd. (*)",0,Signature Bonus,MoM (ME 1-ME 2-ME 3),payments in cash,0,0,0,0,0,0,MMK
3277,,"GPS Joint Venture Co., Ltd. (*)",0,Production Split,MoM (ME 1-ME 2-ME 3),payments in cash,0,334805518.7,334805518.7,0,334805518.7,334805518.7,MMK
3278,,"GPS Joint Venture Co., Ltd. (*)",0,Dead Rent Fees,MoM (ME 1-ME 2-ME 3),payments in cash,0,0,0,0,0,0,MMK
3279,,"GPS Joint Venture Co., Ltd. (*)",0,Licence Fees,MoM (ME 1-ME 2-ME 3),payments in cash,0,0,0,0,0,0,MMK
3280,,"GPS Joint Venture Co., Ltd. (*)",0,Dividends,MoM (ME 1-ME 2-ME 3),payments in cash,0,0,0,0,0,0,MMK
3281,,"GPS Joint Venture Co., Ltd. (*)",0,Land rental fees,MoM (ME 1-ME 2-ME 3),payments in cash,0,0,0,0,0,0,MMK
3282,,"GPS Joint Venture Co., Ltd. (*)",0,Environmental / Plantation fees,MoM (ME 1-ME 2-ME 3),payments in cash,0,0,0,0,0,0,MMK
3283,,"GPS Joint Venture Co., Ltd. (*)",0,"Other significant payments (> 50,000 USD)",MoM (ME 1-ME 2-ME 3),payments in cash,0,0,0,0,0,0,MMK
3284,,"GPS Joint Venture Co., Ltd. (*)",0,Contribution to the State/region social development fund,States/regions,payments in cash,0,0,0,0,0,0,MMK
3285,,"GPS Joint Venture Co., Ltd. (*)",0,Mandatory Corporate Social Responsibility,Social payments,payments in cash,0,0,0,0,0,0,MMK
3286,,"GPS Joint Venture Co., Ltd. (*)",0,Voluntary Corporate Social Responsibility,Social payments,payments in cash,0,0,0,0,0,0,MMK
3287,,Electrum Mining  Co; Ltd,0,Production Split (Government and SOEs share),,payments in kind,0,0,0,0,0,0,in (please mention the commodity)
3288,,Electrum Mining  Co; Ltd,0,Royalties,,payments in kind,0,0,0,0,0,0,in (please mention the commodity)
3289,,Electrum Mining  Co; Ltd,0,Corporate Income Tax (CIT),MoF-IRD-Customs Department,payments in cash,0,0,0,0,0,0,MMK
3290,,Electrum Mining  Co; Ltd,0,Commercial Tax,MoF-IRD-Customs Department,payments in cash,0,0,0,0,0,0,MMK
3291,,Electrum Mining  Co; Ltd,0,Commercial Tax on Imports,MoF-IRD-Customs Department,payments in cash,0,0,0,0,0,0,MMK
3292,,Electrum Mining  Co; Ltd,0,Customs Duties,MoF-IRD-Customs Department,payments in cash,0,0,0,0,0,0,MMK
3293,,Electrum Mining  Co; Ltd,0,Stamp Duties,MoF-IRD-Customs Department,payments in cash,0,0,0,0,0,0,MMK
3294,,Electrum Mining  Co; Ltd,0,Capital Gains Tax,MoF-IRD-Customs Department,payments in cash,0,0,0,0,0,0,MMK
3295,,Electrum Mining  Co; Ltd,0,Withholding Tax,MoF-IRD-Customs Department,payments in cash,0,0,0,0,0,0,MMK
3296,,Electrum Mining  Co; Ltd,0,"Other significant payments (> 50,000 USD)",MoF-IRD-Customs Department,payments in cash,0,0,0,0,0,0,MMK
3297,,Electrum Mining  Co; Ltd,0,Royalties,MoM (ME 1-ME 2-ME 3),payments in cash,0,0,0,0,0,0,MMK
3298,,Electrum Mining  Co; Ltd,0,Signature Bonus,MoM (ME 1-ME 2-ME 3),payments in cash,0,0,0,0,0,0,MMK
3299,,Electrum Mining  Co; Ltd,0,Production Split,MoM (ME 1-ME 2-ME 3),payments in cash,0,0,0,0,0,0,MMK
3300,Tax not reported by the extractive company,Electrum Mining  Co; Ltd,-257492893,Dead Rent Fees,MoM (ME 1-ME 2-ME 3),payments in cash,0,0,0,0,257492893,257492893,MMK
3301,,Electrum Mining  Co; Ltd,0,Licence Fees,MoM (ME 1-ME 2-ME 3),payments in cash,0,0,0,0,0,0,MMK
3302,,Electrum Mining  Co; Ltd,0,Dividends,MoM (ME 1-ME 2-ME 3),payments in cash,0,0,0,0,0,0,MMK
3303,,Electrum Mining  Co; Ltd,0,Land rental fees,MoM (ME 1-ME 2-ME 3),payments in cash,0,0,0,0,0,0,MMK
3304,Tax not reported by the Govt Body,Electrum Mining  Co; Ltd,116220000,Environmental / Plantation fees,MoM (ME 1-ME 2-ME 3),payments in cash,0,116220000,116220000,0,0,0,MMK
3305,,Electrum Mining  Co; Ltd,0,"Other significant payments (> 50,000 USD)",MoM (ME 1-ME 2-ME 3),payments in cash,0,0,0,0,0,0,MMK
3306,,Electrum Mining  Co; Ltd,0,Contribution to the State/region social development fund,States/regions,payments in cash,0,0,0,0,0,0,MMK
3307,,Electrum Mining  Co; Ltd,0,Mandatory Corporate Social Responsibility,Social payments,payments in cash,0,0,0,0,0,0,MMK
3308,,Electrum Mining  Co; Ltd,0,Voluntary Corporate Social Responsibility,Social payments,payments in cash,0,0,0,0,0,0,MMK
3309,,"Max Myanmar Industry Co;.,Ltd (*)",0,Production Split (Government and SOEs share),,payments in kind,0,0,0,0,0,0,in (please mention the commodity)
3310,,"Max Myanmar Industry Co;.,Ltd (*)",0,Royalties,,payments in kind,0,0,0,0,0,0,in (please mention the commodity)
3311,,"Max Myanmar Industry Co;.,Ltd (*)",0,Corporate Income Tax (CIT),MoF-IRD-Customs Department,payments in cash,0,0,0,0,0,0,MMK
3312,Tax not reported by the Govt Body,"Max Myanmar Industry Co;.,Ltd (*)",425446911,Commercial Tax,MoF-IRD-Customs Department,payments in cash,0,425446911,425446911,0,0,0,MMK
3313,,"Max Myanmar Industry Co;.,Ltd (*)",0,Commercial Tax on Imports,MoF-IRD-Customs Department,payments in cash,0,0,0,0,0,0,MMK
3314,,"Max Myanmar Industry Co;.,Ltd (*)",0,Customs Duties,MoF-IRD-Customs Department,payments in cash,0,0,0,0,0,0,MMK
3315,,"Max Myanmar Industry Co;.,Ltd (*)",0,Stamp Duties,MoF-IRD-Customs Department,payments in cash,0,0,0,0,0,0,MMK
3316,,"Max Myanmar Industry Co;.,Ltd (*)",0,Capital Gains Tax,MoF-IRD-Customs Department,payments in cash,0,0,0,0,0,0,MMK
3317,,"Max Myanmar Industry Co;.,Ltd (*)",0,Withholding Tax,MoF-IRD-Customs Department,payments in cash,0,0,0,0,0,0,MMK
3318,,"Max Myanmar Industry Co;.,Ltd (*)",0,"Other significant payments (> 50,000 USD)",MoF-IRD-Customs Department,payments in cash,0,0,0,0,0,0,MMK
3319,Tax not reported by the Govt Body,"Max Myanmar Industry Co;.,Ltd (*)",6231600,Royalties,MoM (ME 1-ME 2-ME 3),payments in cash,0,6429564,6429564,0,197964,197964,MMK
3320,Not material difference,"Max Myanmar Industry Co;.,Ltd (*)",-2000000,Signature Bonus,MoM (ME 1-ME 2-ME 3),payments in cash,0,0,0,0,2000000,2000000,MMK
3321,,"Max Myanmar Industry Co;.,Ltd (*)",0,Production Split,MoM (ME 1-ME 2-ME 3),payments in cash,0,307268748,307268748,0,307268748,307268748,MMK
3322,Tax not reported by the Govt Body,"Max Myanmar Industry Co;.,Ltd (*)",33094100,Dead Rent Fees,MoM (ME 1-ME 2-ME 3),payments in cash,0,42474000,42474000,0,9379900,9379900,MMK
3323,Not material difference,"Max Myanmar Industry Co;.,Ltd (*)",-4000,Licence Fees,MoM (ME 1-ME 2-ME 3),payments in cash,0,0,0,0,4000,4000,MMK
3324,,"Max Myanmar Industry Co;.,Ltd (*)",0,Dividends,MoM (ME 1-ME 2-ME 3),payments in cash,0,0,0,0,0,0,MMK
3325,Tax not reported by the extractive company,"Max Myanmar Industry Co;.,Ltd (*)",-9867500,Land rental fees,MoM (ME 1-ME 2-ME 3),payments in cash,0,7487500,7487500,0,17355000,17355000,MMK
3326,,"Max Myanmar Industry Co;.,Ltd (*)",0,Environmental / Plantation fees,MoM (ME 1-ME 2-ME 3),payments in cash,0,0,0,0,0,0,MMK
3327,,"Max Myanmar Industry Co;.,Ltd (*)",0,"Other significant payments (> 50,000 USD)",MoM (ME 1-ME 2-ME 3),payments in cash,0,0,0,0,0,0,MMK
3328,,"Max Myanmar Industry Co;.,Ltd (*)",0,Contribution to the State/region social development fund,States/regions,payments in cash,0,0,0,0,0,0,MMK
3329,,"Max Myanmar Industry Co;.,Ltd (*)",0,Mandatory Corporate Social Responsibility,Social payments,payments in cash,0,0,0,0,0,0,MMK
3330,,"Max Myanmar Industry Co;.,Ltd (*)",0,Voluntary Corporate Social Responsibility,Social payments,payments in cash,0,0,0,0,0,0,MMK
3331,,"Htoo International Industrial Gorup Co.,Ltd",0,Production Split (Government and SOEs share),,payments in kind,0,0,0,0,0,0,in (please mention the commodity)
3332,,"Htoo International Industrial Gorup Co.,Ltd",0,Royalties,,payments in kind,0,0,0,0,0,0,in (please mention the commodity)
3333,,"Htoo International Industrial Gorup Co.,Ltd",0,Corporate Income Tax (CIT),MoF-IRD-Customs Department,payments in cash,0,0,0,0,0,0,MMK
3334,,"Htoo International Industrial Gorup Co.,Ltd",0,Commercial Tax,MoF-IRD-Customs Department,payments in cash,0,0,0,0,0,0,MMK
3335,,"Htoo International Industrial Gorup Co.,Ltd",0,Commercial Tax on Imports,MoF-IRD-Customs Department,payments in cash,0,0,0,0,0,0,MMK
3336,,"Htoo International Industrial Gorup Co.,Ltd",0,Customs Duties,MoF-IRD-Customs Department,payments in cash,0,0,0,0,0,0,MMK
3337,,"Htoo International Industrial Gorup Co.,Ltd",0,Stamp Duties,MoF-IRD-Customs Department,payments in cash,0,0,0,0,0,0,MMK
3338,,"Htoo International Industrial Gorup Co.,Ltd",0,Capital Gains Tax,MoF-IRD-Customs Department,payments in cash,0,0,0,0,0,0,MMK
3339,,"Htoo International Industrial Gorup Co.,Ltd",0,Withholding Tax,MoF-IRD-Customs Department,payments in cash,0,0,0,0,0,0,MMK
3340,,"Htoo International Industrial Gorup Co.,Ltd",0,"Other significant payments (> 50,000 USD)",MoF-IRD-Customs Department,payments in cash,0,0,0,0,0,0,MMK
3341,Not material difference,"Htoo International Industrial Gorup Co.,Ltd",-1149000,Royalties,MoM (ME 1-ME 2-ME 3),payments in cash,0,1060000,1060000,0,2209000,2209000,MMK
3342,,"Htoo International Industrial Gorup Co.,Ltd",0,Signature Bonus,MoM (ME 1-ME 2-ME 3),payments in cash,0,0,0,0,0,0,MMK
3343,Tax not reported by the extractive company,"Htoo International Industrial Gorup Co.,Ltd",-11145300,Production Split,MoM (ME 1-ME 2-ME 3),payments in cash,0,51940000,51940000,0,63085300,63085300,MMK
3344,Tax not reported by the extractive company,"Htoo International Industrial Gorup Co.,Ltd",-31991400,Dead Rent Fees,MoM (ME 1-ME 2-ME 3),payments in cash,0,0,0,0,31991400,31991400,MMK
3345,,"Htoo International Industrial Gorup Co.,Ltd",0,Licence Fees,MoM (ME 1-ME 2-ME 3),payments in cash,0,0,0,0,0,0,MMK
3346,,"Htoo International Industrial Gorup Co.,Ltd",0,Dividends,MoM (ME 1-ME 2-ME 3),payments in cash,0,0,0,0,0,0,MMK
3347,Tax not reported by the extractive company,"Htoo International Industrial Gorup Co.,Ltd",-11025000,Land rental fees,MoM (ME 1-ME 2-ME 3),payments in cash,0,0,0,0,11025000,11025000,MMK
3348,,"Htoo International Industrial Gorup Co.,Ltd",0,Environmental / Plantation fees,MoM (ME 1-ME 2-ME 3),payments in cash,0,0,0,0,0,0,MMK
3349,,"Htoo International Industrial Gorup Co.,Ltd",0,"Other significant payments (> 50,000 USD)",MoM (ME 1-ME 2-ME 3),payments in cash,0,0,0,0,0,0,MMK
3350,,"Htoo International Industrial Gorup Co.,Ltd",0,Contribution to the State/region social development fund,States/regions,payments in cash,0,0,0,0,0,0,MMK
3351,,"Htoo International Industrial Gorup Co.,Ltd",0,Mandatory Corporate Social Responsibility,Social payments,payments in cash,0,0,0,0,0,0,MMK
3352,,"Htoo International Industrial Gorup Co.,Ltd",0,Voluntary Corporate Social Responsibility,Social payments,payments in cash,0,0,0,0,0,0,MMK
3353,,"Tun Thwin Mining Co., Ltd",0,Production Split (Government and SOEs share),,payments in kind,0,0,0,0,0,0,copper
3354,,"Tun Thwin Mining Co., Ltd",0,Royalties,,payments in kind,0,0,0,0,0,0,copper
3355,Not material difference,"Tun Thwin Mining Co., Ltd",1000000,Corporate Income Tax (CIT),MoF-IRD-Customs Department,payments in cash,0,1000000,1000000,0,0,0,MMK
3356,Tax not reported by the Govt Body,"Tun Thwin Mining Co., Ltd",9000000,Commercial Tax,MoF-IRD-Customs Department,payments in cash,0,9000000,9000000,0,0,0,MMK
3357,,"Tun Thwin Mining Co., Ltd",0,Commercial Tax on Imports,MoF-IRD-Customs Department,payments in cash,0,0,0,0,0,0,MMK
3358,,"Tun Thwin Mining Co., Ltd",0,Customs Duties,MoF-IRD-Customs Department,payments in cash,0,0,0,0,0,0,MMK
3359,,"Tun Thwin Mining Co., Ltd",0,Stamp Duties,MoF-IRD-Customs Department,payments in cash,0,0,0,0,0,0,MMK
3360,,"Tun Thwin Mining Co., Ltd",0,Capital Gains Tax,MoF-IRD-Customs Department,payments in cash,0,0,0,0,0,0,MMK
3361,,"Tun Thwin Mining Co., Ltd",0,Withholding Tax,MoF-IRD-Customs Department,payments in cash,0,0,0,0,0,0,MMK
3362,,"Tun Thwin Mining Co., Ltd",0,"Other significant payments (> 50,000 USD)",MoF-IRD-Customs Department,payments in cash,0,0,0,0,0,0,MMK
3363,,"Tun Thwin Mining Co., Ltd",0,Royalties,MoM (ME 1-ME 2-ME 3),payments in cash,0,5524800,5524800,0,5524800,5524800,MMK
3364,Not material difference,"Tun Thwin Mining Co., Ltd",5000000,Signature Bonus,MoM (ME 1-ME 2-ME 3),payments in cash,0,6500000,6500000,0,1500000,1500000,MMK
3365,,"Tun Thwin Mining Co., Ltd",0,Production Split,MoM (ME 1-ME 2-ME 3),payments in cash,0,178635200,178635200,0,178635200,178635200,MMK
3366,,"Tun Thwin Mining Co., Ltd",0,Dead Rent Fees,MoM (ME 1-ME 2-ME 3),payments in cash,0,72845200,72845200,0,72845200,72845200,MMK
3367,,"Tun Thwin Mining Co., Ltd",0,Licence Fees,MoM (ME 1-ME 2-ME 3),payments in cash,0,0,0,0,0,0,MMK
3368,,"Tun Thwin Mining Co., Ltd",0,Dividends,MoM (ME 1-ME 2-ME 3),payments in cash,0,0,0,0,0,0,MMK
3369,Not material difference,"Tun Thwin Mining Co., Ltd",-178500,Land rental fees,MoM (ME 1-ME 2-ME 3),payments in cash,0,0,0,0,178500,178500,MMK
3370,,"Tun Thwin Mining Co., Ltd",0,Environmental / Plantation fees,MoM (ME 1-ME 2-ME 3),payments in cash,0,0,0,0,0,0,MMK
3371,,"Tun Thwin Mining Co., Ltd",0,"Other significant payments (> 50,000 USD)",MoM (ME 1-ME 2-ME 3),payments in cash,0,0,0,0,0,0,MMK
3372,,"Tun Thwin Mining Co., Ltd",0,Contribution to the State/region social development fund,States/regions,payments in cash,0,0,0,0,0,0,MMK
3373,,"Tun Thwin Mining Co., Ltd",0,Mandatory Corporate Social Responsibility,Social payments,payments in cash,0,0,0,0,0,0,MMK
3374,,"Tun Thwin Mining Co., Ltd",0,Voluntary Corporate Social Responsibility,Social payments,payments in cash,0,29491850,29491850,0,0,0,MMK
3375,,"Shwe Moe Yan Co.,Ltd",0,Production Split (Government and SOEs share),,payments in kind,0,851.32,851.32,0,851.32,851.32,copper in mt
3376,,"Shwe Moe Yan Co.,Ltd",0,Royalties,,payments in kind,0,0,0,0,0,0,copper in mt
3377,Not material difference,"Shwe Moe Yan Co.,Ltd",-1104884,Corporate Income Tax (CIT),MoF-IRD-Customs Department,payments in cash,0,0,0,0,1104884,1104884,MMK
3378,Not material difference,"Shwe Moe Yan Co.,Ltd",1104884,Commercial Tax,MoF-IRD-Customs Department,payments in cash,0,1104884,1104884,0,0,0,MMK
3379,,"Shwe Moe Yan Co.,Ltd",0,Commercial Tax on Imports,MoF-IRD-Customs Department,payments in cash,0,2789831,2789831,0,2789831,2789831,MMK
3380,Not material difference,"Shwe Moe Yan Co.,Ltd",-2257750.8,Customs Duties,MoF-IRD-Customs Department,payments in cash,0,552442,552442,0,2810192.8,2810192.8,MMK
3381,,"Shwe Moe Yan Co.,Ltd",0,Stamp Duties,MoF-IRD-Customs Department,payments in cash,0,0,0,0,0,0,MMK
3382,,"Shwe Moe Yan Co.,Ltd",0,Capital Gains Tax,MoF-IRD-Customs Department,payments in cash,0,0,0,0,0,0,MMK
3383,,"Shwe Moe Yan Co.,Ltd",0,Withholding Tax,MoF-IRD-Customs Department,payments in cash,0,0,0,0,0,0,MMK
3384,,"Shwe Moe Yan Co.,Ltd",0,"Other significant payments (> 50,000 USD)",MoF-IRD-Customs Department,payments in cash,0,0,0,0,0,0,MMK
3385,,"Shwe Moe Yan Co.,Ltd",0,Royalties,MoM (ME 1-ME 2-ME 3),payments in cash,0,0,0,0,0,0,MMK
3386,Tax not reported by the Govt Body,"Shwe Moe Yan Co.,Ltd",150000000,Signature Bonus,MoM (ME 1-ME 2-ME 3),payments in cash,0,150000000,150000000,0,0,0,MMK
3387,,"Shwe Moe Yan Co.,Ltd",0,Production Split,MoM (ME 1-ME 2-ME 3),payments in cash,0,0,0,0,0,0,MMK
3388,Tax not reported by the Govt Body,"Shwe Moe Yan Co.,Ltd",6000000,Dead Rent Fees,MoM (ME 1-ME 2-ME 3),payments in cash,0,6000000,6000000,0,0,0,MMK
3389,Tax not reported by the Govt Body,"Shwe Moe Yan Co.,Ltd",1000000000,Licence Fees,MoM (ME 1-ME 2-ME 3),payments in cash,0,1000000000,1000000000,0,0,0,MMK
3390,,"Shwe Moe Yan Co.,Ltd",0,Dividends,MoM (ME 1-ME 2-ME 3),payments in cash,0,0,0,0,0,0,MMK
3391,,"Shwe Moe Yan Co.,Ltd",0,Land rental fees,MoM (ME 1-ME 2-ME 3),payments in cash,0,0,0,0,0,0,MMK
3392,,"Shwe Moe Yan Co.,Ltd",0,Environmental / Plantation fees,MoM (ME 1-ME 2-ME 3),payments in cash,0,0,0,0,0,0,MMK
3393,,"Shwe Moe Yan Co.,Ltd",0,"Other significant payments (> 50,000 USD)",MoM (ME 1-ME 2-ME 3),payments in cash,0,0,0,0,0,0,MMK
3394,,"Shwe Moe Yan Co.,Ltd",0,Contribution to the State/region social development fund,States/regions,payments in cash,0,0,0,0,0,0,MMK
3395,,"Shwe Moe Yan Co.,Ltd",0,Mandatory Corporate Social Responsibility,Social payments,payments in cash,0,261955000,261955000,0,0,0,MMK
3396,,"Shwe Moe Yan Co.,Ltd",0,Voluntary Corporate Social Responsibility,Social payments,payments in cash,0,0,0,0,0,0,MMK
3397,,Myanmar Yang Tse Copper Ltd (*),0,Production Split (Government and SOEs share),,payments in kind,0,0,0,0,0,0,ferro nickel
3398,,Myanmar Yang Tse Copper Ltd (*),1443.749,Royalties,,payments in kind,0,1443.749,1443.749,0,0,0,ferro nickel
3399,Not material difference,Myanmar Yang Tse Copper Ltd (*),-0.400000095,Corporate Income Tax (CIT),MoF-IRD-Customs Department,payments in cash,0,1777951484,1777951484,0,1777951484,1777951484,MMK
3400,,Myanmar Yang Tse Copper Ltd (*),0,Commercial Tax,MoF-IRD-Customs Department,payments in cash,0,20310174,20310174,0,20310174,20310174,MMK
3401,Tax not reported by the Govt Body,Myanmar Yang Tse Copper Ltd (*),484876714.5,Commercial Tax on Imports,MoF-IRD-Customs Department,payments in cash,0,484876714.5,484876714.5,0,0,0,MMK
3402,Tax not reported by the Govt Body,Myanmar Yang Tse Copper Ltd (*),224697476.3,Customs Duties,MoF-IRD-Customs Department,payments in cash,0,296328284,296328284,0,71630807.76,71630807.76,MMK
3403,,Myanmar Yang Tse Copper Ltd (*),0,Stamp Duties,MoF-IRD-Customs Department,payments in cash,0,0,0,0,0,0,MMK
3404,,Myanmar Yang Tse Copper Ltd (*),0,Capital Gains Tax,MoF-IRD-Customs Department,payments in cash,0,0,0,0,0,0,MMK
3405,,Myanmar Yang Tse Copper Ltd (*),0,Withholding Tax,MoF-IRD-Customs Department,payments in cash,0,0,0,0,0,0,MMK
3406,,Myanmar Yang Tse Copper Ltd (*),0,"Other significant payments (> 50,000 USD)",MoF-IRD-Customs Department,payments in cash,0,0,0,0,0,0,MMK
3407,Tax not reported by the extractive company,Myanmar Yang Tse Copper Ltd (*),-6632934016,Royalties,MoM (ME 1-ME 2-ME 3),payments in cash,0,0,0,0,6632934016,6632934016,MMK
3408,,Myanmar Yang Tse Copper Ltd (*),0,Signature Bonus,MoM (ME 1-ME 2-ME 3),payments in cash,0,0,0,0,0,0,MMK
3409,,Myanmar Yang Tse Copper Ltd (*),0,Production Split,MoM (ME 1-ME 2-ME 3),payments in cash,0,0,0,0,0,0,MMK
3410,,Myanmar Yang Tse Copper Ltd (*),0,Dead Rent Fees,MoM (ME 1-ME 2-ME 3),payments in cash,0,139200000,139200000,0,139200000,139200000,MMK
3411,,Myanmar Yang Tse Copper Ltd (*),0,Licence Fees,MoM (ME 1-ME 2-ME 3),payments in cash,0,0,0,0,0,0,MMK
3412,,Myanmar Yang Tse Copper Ltd (*),0,Dividends,MoM (ME 1-ME 2-ME 3),payments in cash,0,0,0,0,0,0,MMK
3413,,Myanmar Yang Tse Copper Ltd (*),0,Land rental fees,MoM (ME 1-ME 2-ME 3),payments in cash,0,0,0,0,0,0,MMK
3414,,Myanmar Yang Tse Copper Ltd (*),0,Environmental / Plantation fees,MoM (ME 1-ME 2-ME 3),payments in cash,0,0,0,0,0,0,MMK
3415,,Myanmar Yang Tse Copper Ltd (*),0,"Other significant payments (> 50,000 USD)",MoM (ME 1-ME 2-ME 3),payments in cash,0,0,0,0,0,0,MMK
3416,,Myanmar Yang Tse Copper Ltd (*),0,Contribution to the State/region social development fund,States/regions,payments in cash,0,0,0,0,0,0,MMK
3417,,Myanmar Yang Tse Copper Ltd (*),0,Mandatory Corporate Social Responsibility,Social payments,payments in cash,0,0,0,0,0,0,MMK
3418,,Myanmar Yang Tse Copper Ltd (*),0,Voluntary Corporate Social Responsibility,Social payments,payments in cash,0,0,0,0,0,0,MMK
3419,Tax not reported by the extractive company,"Sea Sun Star Mining Production & Marketing Co.,Ltd",-113.4,Production Split (Government and SOEs share),,payments in kind,0,0,0,0,113.4,113.4,ferro nickel
3420,,"Sea Sun Star Mining Production & Marketing Co.,Ltd",0,Royalties,,payments in kind,0,0,0,0,0,0,ferro nickel
3421,Not material difference,"Sea Sun Star Mining Production & Marketing Co.,Ltd",-2043616,Corporate Income Tax (CIT),MoF-IRD-Customs Department,payments in cash,0,500000,500000,0,2543616,2543616,MMK
3422,Tax not reported by the Govt Body,"Sea Sun Star Mining Production & Marketing Co.,Ltd",7078560,Commercial Tax,MoF-IRD-Customs Department,payments in cash,0,7378560,7378560,0,300000,300000,MMK
3423,,"Sea Sun Star Mining Production & Marketing Co.,Ltd",0,Commercial Tax on Imports,MoF-IRD-Customs Department,payments in cash,0,0,0,0,0,0,MMK
3424,Not material difference,"Sea Sun Star Mining Production & Marketing Co.,Ltd",500000,Customs Duties,MoF-IRD-Customs Department,payments in cash,0,500000,500000,0,0,0,MMK
3425,,"Sea Sun Star Mining Production & Marketing Co.,Ltd",0,Stamp Duties,MoF-IRD-Customs Department,payments in cash,0,0,0,0,0,0,MMK
3426,,"Sea Sun Star Mining Production & Marketing Co.,Ltd",0,Capital Gains Tax,MoF-IRD-Customs Department,payments in cash,0,0,0,0,0,0,MMK
3427,Tax not reported by the Govt Body,"Sea Sun Star Mining Production & Marketing Co.,Ltd",81816000,Withholding Tax,MoF-IRD-Customs Department,payments in cash,0,81816000,81816000,0,0,0,MMK
3428,,"Sea Sun Star Mining Production & Marketing Co.,Ltd",0,"Other significant payments (> 50,000 USD)",MoF-IRD-Customs Department,payments in cash,0,0,0,0,0,0,MMK
3429,,"Sea Sun Star Mining Production & Marketing Co.,Ltd",0,Royalties,MoM (ME 1-ME 2-ME 3),payments in cash,0,0,0,0,0,0,MMK
3430,Tax not reported by the Govt Body,"Sea Sun Star Mining Production & Marketing Co.,Ltd",36500000,Signature Bonus,MoM (ME 1-ME 2-ME 3),payments in cash,0,50000000,50000000,0,13500000,13500000,MMK
3431,Tax not reported by the Govt Body,"Sea Sun Star Mining Production & Marketing Co.,Ltd",81816000,Production Split,MoM (ME 1-ME 2-ME 3),payments in cash,0,81816000,81816000,0,0,0,MMK
3432,Not material difference,"Sea Sun Star Mining Production & Marketing Co.,Ltd",-1937536,Dead Rent Fees,MoM (ME 1-ME 2-ME 3),payments in cash,0,2433170,2433170,0,4370706,4370706,MMK
3433,Not material difference,"Sea Sun Star Mining Production & Marketing Co.,Ltd",241000,Licence Fees,MoM (ME 1-ME 2-ME 3),payments in cash,0,250000,250000,0,9000,9000,MMK
3434,Tax not reported by the Govt Body,"Sea Sun Star Mining Production & Marketing Co.,Ltd",51000000,Dividends,MoM (ME 1-ME 2-ME 3),payments in cash,0,51000000,51000000,0,0,0,MMK
3435,Tax not reported by the extractive company,"Sea Sun Star Mining Production & Marketing Co.,Ltd",-7350000,Land rental fees,MoM (ME 1-ME 2-ME 3),payments in cash,0,7500000,7500000,0,14850000,14850000,MMK
3436,,"Sea Sun Star Mining Production & Marketing Co.,Ltd",0,Environmental / Plantation fees,MoM (ME 1-ME 2-ME 3),payments in cash,0,0,0,0,0,0,MMK
3437,,"Sea Sun Star Mining Production & Marketing Co.,Ltd",0,"Other significant payments (> 50,000 USD)",MoM (ME 1-ME 2-ME 3),payments in cash,0,0,0,0,0,0,MMK
3438,Tax not reported by the Govt Body,"Sea Sun Star Mining Production & Marketing Co.,Ltd",70000000,Contribution to the State/region social development fund,States/regions,payments in cash,0,70000000,70000000,0,0,0,MMK
3439,,"Sea Sun Star Mining Production & Marketing Co.,Ltd",0,Mandatory Corporate Social Responsibility,Social payments,payments in cash,0,0,0,0,0,0,MMK
3440,,"Sea Sun Star Mining Production & Marketing Co.,Ltd",0,Voluntary Corporate Social Responsibility,Social payments,payments in cash,0,70000000,70000000,0,0,0,MMK
3441,,"Eastern Mining Co.,Ltd",-1.7799,Production Split (Government and SOEs share),,payments in kind,0,12.8166,12.8166,0,14.5965,14.5965,ferro nickel
3442,,"Eastern Mining Co.,Ltd",1.7801,Royalties,,payments in kind,0,1.7801,1.7801,0,0,0,ferro nickel
3443,Not material difference,"Eastern Mining Co.,Ltd",-3134436,Corporate Income Tax (CIT),MoF-IRD-Customs Department,payments in cash,0,1085987,1085987,0,4220423,4220423,MMK
3444,Tax not reported by the extractive company,"Eastern Mining Co.,Ltd",-6342840,Commercial Tax,MoF-IRD-Customs Department,payments in cash,0,2748982,2748982,0,9091822,9091822,MMK
3445,,"Eastern Mining Co.,Ltd",0,Commercial Tax on Imports,MoF-IRD-Customs Department,payments in cash,0,0,0,0,0,0,MMK
3446,Not material difference,"Eastern Mining Co.,Ltd",580284.46,Customs Duties,MoF-IRD-Customs Department,payments in cash,0,580284.46,580284.46,0,0,0,MMK
3447,,"Eastern Mining Co.,Ltd",0,Stamp Duties,MoF-IRD-Customs Department,payments in cash,0,0,0,0,0,0,MMK
3448,,"Eastern Mining Co.,Ltd",0,Capital Gains Tax,MoF-IRD-Customs Department,payments in cash,0,0,0,0,0,0,MMK
3449,,"Eastern Mining Co.,Ltd",0,Withholding Tax,MoF-IRD-Customs Department,payments in cash,0,0,0,0,0,0,MMK
3450,,"Eastern Mining Co.,Ltd",0,"Other significant payments (> 50,000 USD)",MoF-IRD-Customs Department,payments in cash,0,0,0,0,0,0,MMK
3451,,"Eastern Mining Co.,Ltd",0,Royalties,MoM (ME 1-ME 2-ME 3),payments in cash,0,0,0,0,0,0,MMK
3452,Tax not reported by the extractive company,"Eastern Mining Co.,Ltd",-6000000,Signature Bonus,MoM (ME 1-ME 2-ME 3),payments in cash,0,0,0,0,6000000,6000000,MMK
3453,,"Eastern Mining Co.,Ltd",0,Production Split,MoM (ME 1-ME 2-ME 3),payments in cash,0,0,0,0,0,0,MMK
3454,Not material difference,"Eastern Mining Co.,Ltd",-3581400,Dead Rent Fees,MoM (ME 1-ME 2-ME 3),payments in cash,0,0,0,0,3581400,3581400,MMK
3455,Not material difference,"Eastern Mining Co.,Ltd",-6000,Licence Fees,MoM (ME 1-ME 2-ME 3),payments in cash,0,0,0,0,6000,6000,MMK
3456,,"Eastern Mining Co.,Ltd",0,Dividends,MoM (ME 1-ME 2-ME 3),payments in cash,0,0,0,0,0,0,MMK
3457,,"Eastern Mining Co.,Ltd",0,Land rental fees,MoM (ME 1-ME 2-ME 3),payments in cash,0,0,0,0,0,0,MMK
3458,,"Eastern Mining Co.,Ltd",0,Environmental / Plantation fees,MoM (ME 1-ME 2-ME 3),payments in cash,0,0,0,0,0,0,MMK
3459,Not material difference,"Eastern Mining Co.,Ltd",-1563497.41,"Other significant payments (> 50,000 USD)",MoM (ME 1-ME 2-ME 3),payments in cash,0,0,0,0,1563497.41,1563497.41,MMK
3460,,"Eastern Mining Co.,Ltd",0,Contribution to the State/region social development fund,States/regions,payments in cash,0,0,0,0,0,0,MMK
3461,,"Eastern Mining Co.,Ltd",0,Mandatory Corporate Social Responsibility,Social payments,payments in cash,0,0,0,0,0,0,MMK
3462,,"Eastern Mining Co.,Ltd",0,Voluntary Corporate Social Responsibility,Social payments,payments in cash,0,2040000,2040000,0,0,0,MMK
3463,,Swan Yadanar Htay Mining Co;Ltd,0,Production Split (Government and SOEs share),,payments in kind,0,63,63,0,63,63,ferro nickel
3464,,Swan Yadanar Htay Mining Co;Ltd,0,Royalties,,payments in kind,0,0,0,0,0,0,ferro nickel
3465,Not material difference,Swan Yadanar Htay Mining Co;Ltd,-3905071,Corporate Income Tax (CIT),MoF-IRD-Customs Department,payments in cash,0,0,0,0,3905071,3905071,MMK
3466,Not material difference,Swan Yadanar Htay Mining Co;Ltd,-5107143,Commercial Tax,MoF-IRD-Customs Department,payments in cash,0,0,0,0,5107143,5107143,MMK
3467,,Swan Yadanar Htay Mining Co;Ltd,0,Commercial Tax on Imports,MoF-IRD-Customs Department,payments in cash,0,0,0,0,0,0,MMK
3468,,Swan Yadanar Htay Mining Co;Ltd,0,Customs Duties,MoF-IRD-Customs Department,payments in cash,0,0,0,0,0,0,MMK
3469,,Swan Yadanar Htay Mining Co;Ltd,0,Stamp Duties,MoF-IRD-Customs Department,payments in cash,0,0,0,0,0,0,MMK
3470,,Swan Yadanar Htay Mining Co;Ltd,0,Capital Gains Tax,MoF-IRD-Customs Department,payments in cash,0,0,0,0,0,0,MMK
3471,,Swan Yadanar Htay Mining Co;Ltd,0,Withholding Tax,MoF-IRD-Customs Department,payments in cash,0,0,0,0,0,0,MMK
3472,,Swan Yadanar Htay Mining Co;Ltd,0,"Other significant payments (> 50,000 USD)",MoF-IRD-Customs Department,payments in cash,0,0,0,0,0,0,MMK
3473,,Swan Yadanar Htay Mining Co;Ltd,0,Royalties,MoM (ME 1-ME 2-ME 3),payments in cash,0,0,0,0,0,0,MMK
3474,,Swan Yadanar Htay Mining Co;Ltd,0,Signature Bonus,MoM (ME 1-ME 2-ME 3),payments in cash,0,7500000,7500000,0,7500000,7500000,MMK
3475,,Swan Yadanar Htay Mining Co;Ltd,0,Production Split,MoM (ME 1-ME 2-ME 3),payments in cash,0,0,0,0,0,0,MMK
3476,Not material difference,Swan Yadanar Htay Mining Co;Ltd,-2428170,Dead Rent Fees,MoM (ME 1-ME 2-ME 3),payments in cash,0,0,0,0,2428170,2428170,MMK
3477,Not material difference,Swan Yadanar Htay Mining Co;Ltd,-5000,Licence Fees,MoM (ME 1-ME 2-ME 3),payments in cash,0,0,0,0,5000,5000,MMK
3478,,Swan Yadanar Htay Mining Co;Ltd,0,Dividends,MoM (ME 1-ME 2-ME 3),payments in cash,0,0,0,0,0,0,MMK
3479,,Swan Yadanar Htay Mining Co;Ltd,0,Land rental fees,MoM (ME 1-ME 2-ME 3),payments in cash,0,0,0,0,0,0,MMK
3480,,Swan Yadanar Htay Mining Co;Ltd,0,Environmental / Plantation fees,MoM (ME 1-ME 2-ME 3),payments in cash,0,0,0,0,0,0,MMK
3481,,Swan Yadanar Htay Mining Co;Ltd,0,"Other significant payments (> 50,000 USD)",MoM (ME 1-ME 2-ME 3),payments in cash,0,0,0,0,0,0,MMK
3482,,Swan Yadanar Htay Mining Co;Ltd,0,Contribution to the State/region social development fund,States/regions,payments in cash,0,0,0,0,0,0,MMK
3483,,Swan Yadanar Htay Mining Co;Ltd,0,Mandatory Corporate Social Responsibility,Social payments,payments in cash,0,0,0,0,0,0,MMK
3484,,Swan Yadanar Htay Mining Co;Ltd,0,Voluntary Corporate Social Responsibility,Social payments,payments in cash,0,0,0,0,0,0,MMK
3485,,Swan Min Htet Mining Co;Ltd,0,Production Split (Government and SOEs share),,payments in kind,0,63,63,0,63,63,ferro nickel
3486,,Swan Min Htet Mining Co;Ltd,0,Royalties,,payments in kind,0,0,0,0,0,0,ferro nickel
3487,Not material difference,Swan Min Htet Mining Co;Ltd,-4297963,Corporate Income Tax (CIT),MoF-IRD-Customs Department,payments in cash,0,0,0,0,4297963,4297963,MMK
3488,Tax not reported by the extractive company,Swan Min Htet Mining Co;Ltd,-5107143,Commercial Tax,MoF-IRD-Customs Department,payments in cash,0,0,0,0,5107143,5107143,MMK
3489,,Swan Min Htet Mining Co;Ltd,0,Commercial Tax on Imports,MoF-IRD-Customs Department,payments in cash,0,0,0,0,0,0,MMK
3490,,Swan Min Htet Mining Co;Ltd,0,Customs Duties,MoF-IRD-Customs Department,payments in cash,0,0,0,0,0,0,MMK
3491,,Swan Min Htet Mining Co;Ltd,0,Stamp Duties,MoF-IRD-Customs Department,payments in cash,0,0,0,0,0,0,MMK
3492,,Swan Min Htet Mining Co;Ltd,0,Capital Gains Tax,MoF-IRD-Customs Department,payments in cash,0,0,0,0,0,0,MMK
3493,,Swan Min Htet Mining Co;Ltd,0,Withholding Tax,MoF-IRD-Customs Department,payments in cash,0,0,0,0,0,0,MMK
3494,,Swan Min Htet Mining Co;Ltd,0,"Other significant payments (> 50,000 USD)",MoF-IRD-Customs Department,payments in cash,0,0,0,0,0,0,MMK
3495,,Swan Min Htet Mining Co;Ltd,0,Royalties,MoM (ME 1-ME 2-ME 3),payments in cash,0,0,0,0,0,0,MMK
3496,,Swan Min Htet Mining Co;Ltd,0,Signature Bonus,MoM (ME 1-ME 2-ME 3),payments in cash,0,7500000,7500000,0,7500000,7500000,MMK
3497,,Swan Min Htet Mining Co;Ltd,0,Production Split,MoM (ME 1-ME 2-ME 3),payments in cash,0,0,0,0,0,0,MMK
3498,Not material difference,Swan Min Htet Mining Co;Ltd,-2428170,Dead Rent Fees,MoM (ME 1-ME 2-ME 3),payments in cash,0,0,0,0,2428170,2428170,MMK
3499,Not material difference,Swan Min Htet Mining Co;Ltd,-5000,Licence Fees,MoM (ME 1-ME 2-ME 3),payments in cash,0,0,0,0,5000,5000,MMK
3500,,Swan Min Htet Mining Co;Ltd,0,Dividends,MoM (ME 1-ME 2-ME 3),payments in cash,0,0,0,0,0,0,MMK
3501,,Swan Min Htet Mining Co;Ltd,0,Land rental fees,MoM (ME 1-ME 2-ME 3),payments in cash,0,0,0,0,0,0,MMK
3502,,Swan Min Htet Mining Co;Ltd,0,Environmental / Plantation fees,MoM (ME 1-ME 2-ME 3),payments in cash,0,0,0,0,0,0,MMK
3503,,Swan Min Htet Mining Co;Ltd,0,"Other significant payments (> 50,000 USD)",MoM (ME 1-ME 2-ME 3),payments in cash,0,0,0,0,0,0,MMK
3504,,Swan Min Htet Mining Co;Ltd,0,Contribution to the State/region social development fund,States/regions,payments in cash,0,0,0,0,0,0,MMK
3505,,Swan Min Htet Mining Co;Ltd,0,Mandatory Corporate Social Responsibility,Social payments,payments in cash,0,0,0,0,0,0,MMK
3506,,Swan Min Htet Mining Co;Ltd,0,Voluntary Corporate Social Responsibility,Social payments,payments in cash,0,0,0,0,0,0,MMK
3507,,Aung Brother Mining Co;Ltd,0,Production Split (Government and SOEs share),,payments in kind,0,0,0,0,0,0,ferro nickel
3508,,Aung Brother Mining Co;Ltd,0,Royalties,,payments in kind,0,0,0,0,0,0,ferro nickel
3509,Not material difference,Aung Brother Mining Co;Ltd,-4617585,Corporate Income Tax (CIT),MoF-IRD-Customs Department,payments in cash,0,0,0,0,4617585,4617585,MMK
3510,,Aung Brother Mining Co;Ltd,0,Commercial Tax,MoF-IRD-Customs Department,payments in cash,0,0,0,0,0,0,MMK
3511,,Aung Brother Mining Co;Ltd,0,Commercial Tax on Imports,MoF-IRD-Customs Department,payments in cash,0,0,0,0,0,0,MMK
3512,Tax not reported by the extractive company,Aung Brother Mining Co;Ltd,-38680271.54,Customs Duties,MoF-IRD-Customs Department,payments in cash,0,0,0,0,38680271.54,38680271.54,MMK
3513,,Aung Brother Mining Co;Ltd,0,Stamp Duties,MoF-IRD-Customs Department,payments in cash,0,0,0,0,0,0,MMK
3514,,Aung Brother Mining Co;Ltd,0,Capital Gains Tax,MoF-IRD-Customs Department,payments in cash,0,0,0,0,0,0,MMK
3515,Not material difference,Aung Brother Mining Co;Ltd,1307624,Withholding Tax,MoF-IRD-Customs Department,payments in cash,0,1307624,1307624,0,0,0,MMK
3516,,Aung Brother Mining Co;Ltd,0,"Other significant payments (> 50,000 USD)",MoF-IRD-Customs Department,payments in cash,0,0,0,0,0,0,MMK
3517,,Aung Brother Mining Co;Ltd,0,Royalties,MoM (ME 1-ME 2-ME 3),payments in cash,0,0,0,0,0,0,MMK
3518,,Aung Brother Mining Co;Ltd,0,Signature Bonus,MoM (ME 1-ME 2-ME 3),payments in cash,0,0,0,0,0,0,MMK
3519,,Aung Brother Mining Co;Ltd,0,Production Split,MoM (ME 1-ME 2-ME 3),payments in cash,0,0,0,0,0,0,MMK
3520,,Aung Brother Mining Co;Ltd,0,Dead Rent Fees,MoM (ME 1-ME 2-ME 3),payments in cash,0,0,0,0,0,0,MMK
3521,,Aung Brother Mining Co;Ltd,0,Licence Fees,MoM (ME 1-ME 2-ME 3),payments in cash,0,0,0,0,0,0,MMK
3522,,Aung Brother Mining Co;Ltd,0,Dividends,MoM (ME 1-ME 2-ME 3),payments in cash,0,0,0,0,0,0,MMK
3523,,Aung Brother Mining Co;Ltd,0,Land rental fees,MoM (ME 1-ME 2-ME 3),payments in cash,0,0,0,0,0,0,MMK
3524,,Aung Brother Mining Co;Ltd,0,Environmental / Plantation fees,MoM (ME 1-ME 2-ME 3),payments in cash,0,0,0,0,0,0,MMK
3525,,Aung Brother Mining Co;Ltd,0,"Other significant payments (> 50,000 USD)",MoM (ME 1-ME 2-ME 3),payments in cash,0,0,0,0,0,0,MMK
3526,,Aung Brother Mining Co;Ltd,0,Contribution to the State/region social development fund,States/regions,payments in cash,0,0,0,0,0,0,MMK
3527,,Aung Brother Mining Co;Ltd,0,Mandatory Corporate Social Responsibility,Social payments,payments in cash,0,0,0,0,0,0,MMK
3528,,Aung Brother Mining Co;Ltd,0,Voluntary Corporate Social Responsibility,Social payments,payments in cash,0,0,0,0,0,0,MMK
3529,Tax not reported by the Govt Body,"Eternal Mining Co., Ltd (*)",1160.955637,Production Split (Government and SOEs share),,payments in kind,0,6214.515637,6214.515637,0,5053.56,5053.56,ferro nickel
3530,,"Eternal Mining Co., Ltd (*)",0,Royalties,,payments in kind,0,0,0,0,0,0,ferro nickel
3531,,"Eternal Mining Co., Ltd (*)",0,Corporate Income Tax (CIT),MoF-IRD-Customs Department,payments in cash,0,238721285,238721285,0,238721285,238721285,MMK
3532,,"Eternal Mining Co., Ltd (*)",0,Commercial Tax,MoF-IRD-Customs Department,payments in cash,0,724491941,724491941,0,724491941,724491941,MMK
3533,,"Eternal Mining Co., Ltd (*)",0,Commercial Tax on Imports,MoF-IRD-Customs Department,payments in cash,0,0,0,0,0,0,MMK
3534,Tax not reported by the extractive company,"Eternal Mining Co., Ltd (*)",-102437954,Customs Duties,MoF-IRD-Customs Department,payments in cash,0,0,0,0,102437954,102437954,MMK
3535,,"Eternal Mining Co., Ltd (*)",0,Stamp Duties,MoF-IRD-Customs Department,payments in cash,0,0,0,0,0,0,MMK
3536,,"Eternal Mining Co., Ltd (*)",0,Capital Gains Tax,MoF-IRD-Customs Department,payments in cash,0,0,0,0,0,0,MMK
3537,,"Eternal Mining Co., Ltd (*)",0,Withholding Tax,MoF-IRD-Customs Department,payments in cash,0,0,0,0,0,0,MMK
3538,,"Eternal Mining Co., Ltd (*)",0,"Other significant payments (> 50,000 USD)",MoF-IRD-Customs Department,payments in cash,0,0,0,0,0,0,MMK
3539,,"Eternal Mining Co., Ltd (*)",0,Royalties,MoM (ME 1-ME 2-ME 3),payments in cash,0,0,0,0,0,0,MMK
3540,,"Eternal Mining Co., Ltd (*)",0,Signature Bonus,MoM (ME 1-ME 2-ME 3),payments in cash,0,15000000,15000000,0,15000000,15000000,MMK
3541,,"Eternal Mining Co., Ltd (*)",0,Production Split,MoM (ME 1-ME 2-ME 3),payments in cash,0,0,0,0,0,0,MMK
3542,Tax not reported by the extractive company,"Eternal Mining Co., Ltd (*)",-1924536,Dead Rent Fees,MoM (ME 1-ME 2-ME 3),payments in cash,0,137811025,137811025,0,139735561,139735561,MMK
3543,Tax not reported by the extractive company,"Eternal Mining Co., Ltd (*)",-22000,Licence Fees,MoM (ME 1-ME 2-ME 3),payments in cash,0,0,0,0,22000,22000,MMK
3544,,"Eternal Mining Co., Ltd (*)",0,Dividends,MoM (ME 1-ME 2-ME 3),payments in cash,0,0,0,0,0,0,MMK
3545,Tax not reported by the extractive company,"Eternal Mining Co., Ltd (*)",-6002560,Land rental fees,MoM (ME 1-ME 2-ME 3),payments in cash,0,10787200,10787200,0,16789760,16789760,MMK
3546,,"Eternal Mining Co., Ltd (*)",0,Environmental / Plantation fees,MoM (ME 1-ME 2-ME 3),payments in cash,0,0,0,0,0,0,MMK
3547,,"Eternal Mining Co., Ltd (*)",0,"Other significant payments (> 50,000 USD)",MoM (ME 1-ME 2-ME 3),payments in cash,0,0,0,0,0,0,MMK
3548,,"Eternal Mining Co., Ltd (*)",0,Contribution to the State/region social development fund,States/regions,payments in cash,0,0,0,0,0,0,MMK
3549,,"Eternal Mining Co., Ltd (*)",0,Mandatory Corporate Social Responsibility,Social payments,payments in cash,0,0,0,0,0,0,MMK
3550,,"Eternal Mining Co., Ltd (*)",0,Voluntary Corporate Social Responsibility,Social payments,payments in cash,0,148509000,148509000,0,0,0,MMK
3551,,National Prosperity Gold Production Group Ltd.,-4612.93,Production Split (Government and SOEs share),,payments in kind,0,0,0,0,4612.93,4612.93,ferro nickel
3552,,National Prosperity Gold Production Group Ltd.,4600.33,Royalties,,payments in kind,0,4600.33,4600.33,0,0,0,ferro nickel
3553,,National Prosperity Gold Production Group Ltd.,0,Corporate Income Tax (CIT),MoF-IRD-Customs Department,payments in cash,0,104979154,104979154,0,104979154,104979154,MMK
3554,,National Prosperity Gold Production Group Ltd.,0,Commercial Tax,MoF-IRD-Customs Department,payments in cash,0,0,0,0,0,0,MMK
3555,,National Prosperity Gold Production Group Ltd.,0,Commercial Tax on Imports,MoF-IRD-Customs Department,payments in cash,0,0,0,0,0,0,MMK
3556,Tax not reported by the extractive company,National Prosperity Gold Production Group Ltd.,-317340,Customs Duties,MoF-IRD-Customs Department,payments in cash,0,0,0,0,317340,317340,MMK
3557,Tax not reported by the Govt Body,National Prosperity Gold Production Group Ltd.,150000,Stamp Duties,MoF-IRD-Customs Department,payments in cash,0,150000,150000,0,0,0,MMK
3558,,National Prosperity Gold Production Group Ltd.,0,Capital Gains Tax,MoF-IRD-Customs Department,payments in cash,0,0,0,0,0,0,MMK
3559,,National Prosperity Gold Production Group Ltd.,0,Withholding Tax,MoF-IRD-Customs Department,payments in cash,0,0,0,0,0,0,MMK
3560,,National Prosperity Gold Production Group Ltd.,0,"Other significant payments (> 50,000 USD)",MoF-IRD-Customs Department,payments in cash,-1519916100,0,1519916100,0,0,0,MMK
3561,,National Prosperity Gold Production Group Ltd.,0,Royalties,MoM (ME 1-ME 2-ME 3),payments in cash,0,0,0,0,0,0,MMK
3562,Tax not reported by the extractive company,National Prosperity Gold Production Group Ltd.,-1500000,Signature Bonus,MoM (ME 1-ME 2-ME 3),payments in cash,0,0,0,0,1500000,1500000,MMK
3563,,National Prosperity Gold Production Group Ltd.,0,Production Split,MoM (ME 1-ME 2-ME 3),payments in cash,0,0,0,0,0,0,MMK
3564,Not material difference,National Prosperity Gold Production Group Ltd.,-72845,Dead Rent Fees,MoM (ME 1-ME 2-ME 3),payments in cash,0,0,0,0,72845,72845,MMK
3565,Not material difference,National Prosperity Gold Production Group Ltd.,-1000,Licence Fees,MoM (ME 1-ME 2-ME 3),payments in cash,0,0,0,0,1000,1000,MMK
3566,,National Prosperity Gold Production Group Ltd.,0,Dividends,MoM (ME 1-ME 2-ME 3),payments in cash,0,0,0,0,0,0,MMK
3567,,National Prosperity Gold Production Group Ltd.,0,Land rental fees,MoM (ME 1-ME 2-ME 3),payments in cash,0,0,0,0,0,0,MMK
3568,,National Prosperity Gold Production Group Ltd.,0,Environmental / Plantation fees,MoM (ME 1-ME 2-ME 3),payments in cash,0,0,0,0,0,0,MMK
3569,,National Prosperity Gold Production Group Ltd.,0,"Other significant payments (> 50,000 USD)",MoM (ME 1-ME 2-ME 3),payments in cash,0,0,0,0,0,0,MMK
3570,,National Prosperity Gold Production Group Ltd.,0,Contribution to the State/region social development fund,States/regions,payments in cash,0,0,0,0,0,0,MMK
3571,,National Prosperity Gold Production Group Ltd.,0,Mandatory Corporate Social Responsibility,Social payments,payments in cash,0,0,0,0,0,0,MMK
3572,,National Prosperity Gold Production Group Ltd.,0,Voluntary Corporate Social Responsibility,Social payments,payments in cash,0,500466069,500466069,0,0,0,MMK
3573,,"Geo Asia Industrial and Mining Co., Ltd.",0,Production Split (Government and SOEs share),,payments in kind,0,2146,2146,0,2146,2146,ferro nickel
3574,,"Geo Asia Industrial and Mining Co., Ltd.",0,Royalties,,payments in kind,0,0,0,0,0,0,ferro nickel
3575,Not material difference,"Geo Asia Industrial and Mining Co., Ltd.",2721587,Corporate Income Tax (CIT),MoF-IRD-Customs Department,payments in cash,0,2721587,2721587,0,0,0,MMK
3576,,"Geo Asia Industrial and Mining Co., Ltd.",0,Commercial Tax,MoF-IRD-Customs Department,payments in cash,0,0,0,0,0,0,MMK
3577,Tax not reported by the Govt Body,"Geo Asia Industrial and Mining Co., Ltd.",12258617,Commercial Tax on Imports,MoF-IRD-Customs Department,payments in cash,0,12258617,12258617,0,0,0,MMK
3578,Not material difference,"Geo Asia Industrial and Mining Co., Ltd.",-3890402.36,Customs Duties,MoF-IRD-Customs Department,payments in cash,0,0,0,0,3890402.36,3890402.36,MMK
3579,,"Geo Asia Industrial and Mining Co., Ltd.",0,Stamp Duties,MoF-IRD-Customs Department,payments in cash,0,0,0,0,0,0,MMK
3580,,"Geo Asia Industrial and Mining Co., Ltd.",0,Capital Gains Tax,MoF-IRD-Customs Department,payments in cash,0,0,0,0,0,0,MMK
3581,Not material difference,"Geo Asia Industrial and Mining Co., Ltd.",2118364,Withholding Tax,MoF-IRD-Customs Department,payments in cash,0,4839949,4839949,0,2721585,2721585,MMK
3582,,"Geo Asia Industrial and Mining Co., Ltd.",0,"Other significant payments (> 50,000 USD)",MoF-IRD-Customs Department,payments in cash,0,0,0,0,0,0,MMK
3583,,"Geo Asia Industrial and Mining Co., Ltd.",0,Royalties,MoM (ME 1-ME 2-ME 3),payments in cash,0,0,0,0,0,0,MMK
3584,,"Geo Asia Industrial and Mining Co., Ltd.",0,Signature Bonus,MoM (ME 1-ME 2-ME 3),payments in cash,0,0,0,0,0,0,MMK
3585,,"Geo Asia Industrial and Mining Co., Ltd.",0,Production Split,MoM (ME 1-ME 2-ME 3),payments in cash,0,0,0,0,0,0,MMK
3586,,"Geo Asia Industrial and Mining Co., Ltd.",0,Dead Rent Fees,MoM (ME 1-ME 2-ME 3),payments in cash,0,0,0,0,0,0,MMK
3587,,"Geo Asia Industrial and Mining Co., Ltd.",0,Licence Fees,MoM (ME 1-ME 2-ME 3),payments in cash,0,0,0,0,0,0,MMK
3588,,"Geo Asia Industrial and Mining Co., Ltd.",0,Dividends,MoM (ME 1-ME 2-ME 3),payments in cash,0,0,0,0,0,0,MMK
3589,,"Geo Asia Industrial and Mining Co., Ltd.",0,Land rental fees,MoM (ME 1-ME 2-ME 3),payments in cash,0,0,0,0,0,0,MMK
3590,,"Geo Asia Industrial and Mining Co., Ltd.",0,Environmental / Plantation fees,MoM (ME 1-ME 2-ME 3),payments in cash,0,0,0,0,0,0,MMK
3591,,"Geo Asia Industrial and Mining Co., Ltd.",0,"Other significant payments (> 50,000 USD)",MoM (ME 1-ME 2-ME 3),payments in cash,0,0,0,0,0,0,MMK
3592,,"Geo Asia Industrial and Mining Co., Ltd.",0,Contribution to the State/region social development fund,States/regions,payments in cash,0,0,0,0,0,0,MMK
3593,,"Geo Asia Industrial and Mining Co., Ltd.",0,Mandatory Corporate Social Responsibility,Social payments,payments in cash,0,0,0,0,0,0,MMK
3594,,"Geo Asia Industrial and Mining Co., Ltd.",0,Voluntary Corporate Social Responsibility,Social payments,payments in cash,0,0,0,0,0,0,MMK
3595,,"Myanmar Golden Point Family Co., Ltd.",0,Production Split (Government and SOEs share),,payments in kind,0,231.1,231.1,0,231.1,231.1,ferro nickel
3596,,"Myanmar Golden Point Family Co., Ltd.",0,Royalties,,payments in kind,0,0,0,0,0,0,ferro nickel
3597,,"Myanmar Golden Point Family Co., Ltd.",0,Corporate Income Tax (CIT),MoF-IRD-Customs Department,payments in cash,0,21246833,21246833,0,21246833,21246833,MMK
3598,,"Myanmar Golden Point Family Co., Ltd.",0,Commercial Tax,MoF-IRD-Customs Department,payments in cash,0,20495646,20495646,0,20495646,20495646,MMK
3599,,"Myanmar Golden Point Family Co., Ltd.",0,Commercial Tax on Imports,MoF-IRD-Customs Department,payments in cash,0,0,0,0,0,0,MMK
3600,,"Myanmar Golden Point Family Co., Ltd.",0,Customs Duties,MoF-IRD-Customs Department,payments in cash,0,0,0,0,0,0,MMK
3601,,"Myanmar Golden Point Family Co., Ltd.",0,Stamp Duties,MoF-IRD-Customs Department,payments in cash,0,0,0,0,0,0,MMK
3602,,"Myanmar Golden Point Family Co., Ltd.",0,Capital Gains Tax,MoF-IRD-Customs Department,payments in cash,0,0,0,0,0,0,MMK
3603,,"Myanmar Golden Point Family Co., Ltd.",0,Withholding Tax,MoF-IRD-Customs Department,payments in cash,0,0,0,0,0,0,MMK
3604,,"Myanmar Golden Point Family Co., Ltd.",0,"Other significant payments (> 50,000 USD)",MoF-IRD-Customs Department,payments in cash,0,0,0,0,0,0,MMK
3605,,"Myanmar Golden Point Family Co., Ltd.",0,Royalties,MoM (ME 1-ME 2-ME 3),payments in cash,0,0,0,0,0,0,MMK
3606,Tax not reported by the extractive company,"Myanmar Golden Point Family Co., Ltd.",-6000000,Signature Bonus,MoM (ME 1-ME 2-ME 3),payments in cash,0,10500000,10500000,0,16500000,16500000,MMK
3607,,"Myanmar Golden Point Family Co., Ltd.",0,Production Split,MoM (ME 1-ME 2-ME 3),payments in cash,0,0,0,0,0,0,MMK
3608,Not material difference,"Myanmar Golden Point Family Co., Ltd.",18000,Dead Rent Fees,MoM (ME 1-ME 2-ME 3),payments in cash,0,8686565,8686565,0,8668565,8668565,MMK
3609,Not material difference,"Myanmar Golden Point Family Co., Ltd.",-18000,Licence Fees,MoM (ME 1-ME 2-ME 3),payments in cash,0,0,0,0,18000,18000,MMK
3610,,"Myanmar Golden Point Family Co., Ltd.",0,Dividends,MoM (ME 1-ME 2-ME 3),payments in cash,0,0,0,0,0,0,MMK
3611,Tax not reported by the Govt Body,"Myanmar Golden Point Family Co., Ltd.",6000000,Land rental fees,MoM (ME 1-ME 2-ME 3),payments in cash,0,20700000,20700000,0,14700000,14700000,MMK
3612,,"Myanmar Golden Point Family Co., Ltd.",0,Environmental / Plantation fees,MoM (ME 1-ME 2-ME 3),payments in cash,0,0,0,0,0,0,MMK
3613,,"Myanmar Golden Point Family Co., Ltd.",0,"Other significant payments (> 50,000 USD)",MoM (ME 1-ME 2-ME 3),payments in cash,0,11815000,11815000,0,11815000,11815000,MMK
3614,,"Myanmar Golden Point Family Co., Ltd.",0,Contribution to the State/region social development fund,States/regions,payments in cash,0,0,0,0,0,0,MMK
3615,,"Myanmar Golden Point Family Co., Ltd.",0,Mandatory Corporate Social Responsibility,Social payments,payments in cash,0,0,0,0,0,0,MMK
3616,,"Myanmar Golden Point Family Co., Ltd.",0,Voluntary Corporate Social Responsibility,Social payments,payments in cash,0,239793200,239793200,0,0,0,MMK
3617,,"THAN TAW MYAT CO,LTD",0,Production Split (Government and SOEs share),,payments in kind,0,0,0,0,0,0,ferro nickel
3618,,"THAN TAW MYAT CO,LTD",0,Royalties,,payments in kind,0,0,0,0,0,0,ferro nickel
3619,,"THAN TAW MYAT CO,LTD",0,Corporate Income Tax (CIT),MoF-IRD-Customs Department,payments in cash,0,0,0,0,0,0,MMK
3620,,"THAN TAW MYAT CO,LTD",0,Commercial Tax,MoF-IRD-Customs Department,payments in cash,0,0,0,0,0,0,MMK
3621,,"THAN TAW MYAT CO,LTD",0,Commercial Tax on Imports,MoF-IRD-Customs Department,payments in cash,0,0,0,0,0,0,MMK
3622,Tax not reported by the extractive company,"THAN TAW MYAT CO,LTD",-61600759.15,Customs Duties,MoF-IRD-Customs Department,payments in cash,0,0,0,0,61600759.15,61600759.15,MMK
3623,,"THAN TAW MYAT CO,LTD",0,Stamp Duties,MoF-IRD-Customs Department,payments in cash,0,0,0,0,0,0,MMK
3624,,"THAN TAW MYAT CO,LTD",0,Capital Gains Tax,MoF-IRD-Customs Department,payments in cash,0,0,0,0,0,0,MMK
3625,,"THAN TAW MYAT CO,LTD",0,Withholding Tax,MoF-IRD-Customs Department,payments in cash,0,0,0,0,0,0,MMK
3626,,"THAN TAW MYAT CO,LTD",0,"Other significant payments (> 50,000 USD)",MoF-IRD-Customs Department,payments in cash,0,0,0,0,0,0,MMK
3627,,"THAN TAW MYAT CO,LTD",0,Royalties,MoM (ME 1-ME 2-ME 3),payments in cash,0,0,0,0,0,0,MMK
3628,,"THAN TAW MYAT CO,LTD",0,Signature Bonus,MoM (ME 1-ME 2-ME 3),payments in cash,0,4000000,4000000,0,4000000,4000000,MMK
3629,,"THAN TAW MYAT CO,LTD",0,Production Split,MoM (ME 1-ME 2-ME 3),payments in cash,0,0,0,0,0,0,MMK
3630,Not material difference,"THAN TAW MYAT CO,LTD",2000,Dead Rent Fees,MoM (ME 1-ME 2-ME 3),payments in cash,0,1056200,1056200,0,1054200,1054200,MMK
3631,Not material difference,"THAN TAW MYAT CO,LTD",-2000,Licence Fees,MoM (ME 1-ME 2-ME 3),payments in cash,0,0,0,0,2000,2000,MMK
3632,,"THAN TAW MYAT CO,LTD",0,Dividends,MoM (ME 1-ME 2-ME 3),payments in cash,0,0,0,0,0,0,MMK
3633,Not material difference,"THAN TAW MYAT CO,LTD",-1953450,Land rental fees,MoM (ME 1-ME 2-ME 3),payments in cash,0,0,0,0,1953450,1953450,MMK
3634,,"THAN TAW MYAT CO,LTD",0,Environmental / Plantation fees,MoM (ME 1-ME 2-ME 3),payments in cash,0,0,0,0,0,0,MMK
3635,,"THAN TAW MYAT CO,LTD",0,"Other significant payments (> 50,000 USD)",MoM (ME 1-ME 2-ME 3),payments in cash,0,0,0,0,0,0,MMK
3636,,"THAN TAW MYAT CO,LTD",0,Contribution to the State/region social development fund,States/regions,payments in cash,0,0,0,0,0,0,MMK
3637,,"THAN TAW MYAT CO,LTD",0,Mandatory Corporate Social Responsibility,Social payments,payments in cash,0,0,0,0,0,0,MMK
3638,,"THAN TAW MYAT CO,LTD",0,Voluntary Corporate Social Responsibility,Social payments,payments in cash,0,24100000,24100000,0,0,0,MMK
3639,,BAGAN BUSINESS GROUP,0,Production Split (Government and SOEs share),,payments in kind,0,0,0,0,0,0,ferro nickel
3640,,BAGAN BUSINESS GROUP,0,Royalties,,payments in kind,0,0,0,0,0,0,ferro nickel
3641,,BAGAN BUSINESS GROUP,0,Corporate Income Tax (CIT),MoF-IRD-Customs Department,payments in cash,0,0,0,0,0,0,MMK
3642,,BAGAN BUSINESS GROUP,0,Commercial Tax,MoF-IRD-Customs Department,payments in cash,0,0,0,0,0,0,MMK
3643,,BAGAN BUSINESS GROUP,0,Commercial Tax on Imports,MoF-IRD-Customs Department,payments in cash,0,0,0,0,0,0,MMK
3644,Tax not reported by the extractive company,BAGAN BUSINESS GROUP,-71713477.23,Customs Duties,MoF-IRD-Customs Department,payments in cash,0,0,0,0,71713477.23,71713477.23,MMK
3645,,BAGAN BUSINESS GROUP,0,Stamp Duties,MoF-IRD-Customs Department,payments in cash,0,0,0,0,0,0,MMK
3646,,BAGAN BUSINESS GROUP,0,Capital Gains Tax,MoF-IRD-Customs Department,payments in cash,0,0,0,0,0,0,MMK
3647,,BAGAN BUSINESS GROUP,0,Withholding Tax,MoF-IRD-Customs Department,payments in cash,0,0,0,0,0,0,MMK
3648,,BAGAN BUSINESS GROUP,0,"Other significant payments (> 50,000 USD)",MoF-IRD-Customs Department,payments in cash,0,0,0,0,0,0,MMK
3649,,BAGAN BUSINESS GROUP,0,Royalties,MoM (ME 1-ME 2-ME 3),payments in cash,0,0,0,0,0,0,MMK
3650,,BAGAN BUSINESS GROUP,0,Signature Bonus,MoM (ME 1-ME 2-ME 3),payments in cash,0,0,0,0,0,0,MMK
3651,,BAGAN BUSINESS GROUP,0,Production Split,MoM (ME 1-ME 2-ME 3),payments in cash,0,0,0,0,0,0,MMK
3652,,BAGAN BUSINESS GROUP,0,Dead Rent Fees,MoM (ME 1-ME 2-ME 3),payments in cash,0,0,0,0,0,0,MMK
3653,,BAGAN BUSINESS GROUP,0,Licence Fees,MoM (ME 1-ME 2-ME 3),payments in cash,0,0,0,0,0,0,MMK
3654,,BAGAN BUSINESS GROUP,0,Dividends,MoM (ME 1-ME 2-ME 3),payments in cash,0,0,0,0,0,0,MMK
3655,,BAGAN BUSINESS GROUP,0,Land rental fees,MoM (ME 1-ME 2-ME 3),payments in cash,0,0,0,0,0,0,MMK
3656,,BAGAN BUSINESS GROUP,0,Environmental / Plantation fees,MoM (ME 1-ME 2-ME 3),payments in cash,0,0,0,0,0,0,MMK
3657,,BAGAN BUSINESS GROUP,0,"Other significant payments (> 50,000 USD)",MoM (ME 1-ME 2-ME 3),payments in cash,0,0,0,0,0,0,MMK
3658,,BAGAN BUSINESS GROUP,0,Contribution to the State/region social development fund,States/regions,payments in cash,0,0,0,0,0,0,MMK
3659,,BAGAN BUSINESS GROUP,0,Mandatory Corporate Social Responsibility,Social payments,payments in cash,0,0,0,0,0,0,MMK
3660,,BAGAN BUSINESS GROUP,0,Voluntary Corporate Social Responsibility,Social payments,payments in cash,0,0,0,0,0,0,MMK
3661,Tax not reported by the extractive company,"Delco Co.,Ltd (*)",-35.9362904,Production Split (Government and SOEs share),,payments in kind,0,99.2859096,99.2859096,0,135.2222,135.2222,ferro nickel
3662,Tax not reported by the Govt Body,"Delco Co.,Ltd (*)",13.750028,Royalties,,payments in kind,0,13.750028,13.750028,0,0,0,ferro nickel
3663,Tax not reported by the Govt Body,"Delco Co.,Ltd (*)",37149130,Corporate Income Tax (CIT),MoF-IRD-Customs Department,payments in cash,0,37149130,37149130,0,0,0,MMK
3664,,"Delco Co.,Ltd (*)",0,Commercial Tax,MoF-IRD-Customs Department,payments in cash,0,0,0,0,0,0,MMK
3665,Tax not reported by the Govt Body,"Delco Co.,Ltd (*)",34678361,Commercial Tax on Imports,MoF-IRD-Customs Department,payments in cash,0,34678361,34678361,0,0,0,MMK
3666,Tax not reported by the Govt Body,"Delco Co.,Ltd (*)",15632092,Customs Duties,MoF-IRD-Customs Department,payments in cash,0,15632092,15632092,0,0,0,MMK
3667,,"Delco Co.,Ltd (*)",0,Stamp Duties,MoF-IRD-Customs Department,payments in cash,0,0,0,0,0,0,MMK
3668,,"Delco Co.,Ltd (*)",0,Capital Gains Tax,MoF-IRD-Customs Department,payments in cash,0,0,0,0,0,0,MMK
3669,Tax not reported by the Govt Body,"Delco Co.,Ltd (*)",45711659,Withholding Tax,MoF-IRD-Customs Department,payments in cash,0,45711659,45711659,0,0,0,MMK
3670,,"Delco Co.,Ltd (*)",0,"Other significant payments (> 50,000 USD)",MoF-IRD-Customs Department,payments in cash,0,0,0,0,0,0,MMK
3671,,"Delco Co.,Ltd (*)",0,Royalties,MoM (ME 1-ME 2-ME 3),payments in cash,0,0,0,0,0,0,MMK
3672,Tax not reported by the Govt Body,"Delco Co.,Ltd (*)",50000000,Signature Bonus,MoM (ME 1-ME 2-ME 3),payments in cash,0,50000000,50000000,0,0,0,MMK
3673,,"Delco Co.,Ltd (*)",0,Production Split,MoM (ME 1-ME 2-ME 3),payments in cash,0,0,0,0,0,0,MMK
3674,Tax not reported by the extractive company,"Delco Co.,Ltd (*)",-25350000,Dead Rent Fees,MoM (ME 1-ME 2-ME 3),payments in cash,0,25350000,25350000,0,50700000,50700000,MMK
3675,Not material difference,"Delco Co.,Ltd (*)",450000,Licence Fees,MoM (ME 1-ME 2-ME 3),payments in cash,0,450000,450000,0,0,0,MMK
3676,,"Delco Co.,Ltd (*)",0,Dividends,MoM (ME 1-ME 2-ME 3),payments in cash,0,0,0,0,0,0,MMK
3677,,"Delco Co.,Ltd (*)",0,Land rental fees,MoM (ME 1-ME 2-ME 3),payments in cash,0,0,0,0,0,0,MMK
3678,,"Delco Co.,Ltd (*)",0,Environmental / Plantation fees,MoM (ME 1-ME 2-ME 3),payments in cash,0,0,0,0,0,0,MMK
3679,,"Delco Co.,Ltd (*)",0,"Other significant payments (> 50,000 USD)",MoM (ME 1-ME 2-ME 3),payments in cash,0,0,0,0,0,0,MMK
3680,Tax not reported by the Govt Body,"Delco Co.,Ltd (*)",115168300,Contribution to the State/region social development fund,States/regions,payments in cash,0,115168300,115168300,0,0,0,MMK
3681,,"Delco Co.,Ltd (*)",0,Mandatory Corporate Social Responsibility,Social payments,payments in cash,0,0,0,0,0,0,MMK
3682,,"Delco Co.,Ltd (*)",0,Voluntary Corporate Social Responsibility,Social payments,payments in cash,0,935731681.2,935731681.2,0,0,0,MMK
3683,Tax not reported by the extractive company,"Myanmar Pongpipat Co.,L td (*)",-3.0815,Production Split (Government and SOEs share),,payments in kind,0,126.0661,126.0661,0,129.1476,129.1476,ferro nickel
3684,,"Myanmar Pongpipat Co.,L td (*)",0,Royalties,,payments in kind,0,0,0,0,0,0,ferro nickel
3685,,"Myanmar Pongpipat Co.,L td (*)",0,Corporate Income Tax (CIT),MoF-IRD-Customs Department,payments in cash,0,55737731,55737731,20876606,55737731,34861125,MMK
3686,,"Myanmar Pongpipat Co.,L td (*)",0,Commercial Tax,MoF-IRD-Customs Department,payments in cash,0,0,0,0,0,0,MMK
3687,,"Myanmar Pongpipat Co.,L td (*)",0,Commercial Tax on Imports,MoF-IRD-Customs Department,payments in cash,0,0,0,0,0,0,MMK
3688,,"Myanmar Pongpipat Co.,L td (*)",0,Customs Duties,MoF-IRD-Customs Department,payments in cash,0,0,0,0,0,0,MMK
3689,,"Myanmar Pongpipat Co.,L td (*)",0,Stamp Duties,MoF-IRD-Customs Department,payments in cash,0,0,0,0,0,0,MMK
3690,,"Myanmar Pongpipat Co.,L td (*)",0,Capital Gains Tax,MoF-IRD-Customs Department,payments in cash,0,0,0,0,0,0,MMK
3691,,"Myanmar Pongpipat Co.,L td (*)",0,Withholding Tax,MoF-IRD-Customs Department,payments in cash,0,0,0,0,0,0,MMK
3692,,"Myanmar Pongpipat Co.,L td (*)",0,"Other significant payments (> 50,000 USD)",MoF-IRD-Customs Department,payments in cash,0,0,0,0,0,0,MMK
3693,,"Myanmar Pongpipat Co.,L td (*)",0,Royalties,MoM (ME 1-ME 2-ME 3),payments in cash,0,0,0,0,0,0,MMK
3694,,"Myanmar Pongpipat Co.,L td (*)",0,Signature Bonus,MoM (ME 1-ME 2-ME 3),payments in cash,48058500,48058500,0,0,48058500,48058500,MMK
3695,,"Myanmar Pongpipat Co.,L td (*)",0,Production Split,MoM (ME 1-ME 2-ME 3),payments in cash,0,0,0,0,0,0,MMK
3696,,"Myanmar Pongpipat Co.,L td (*)",0,Dead Rent Fees,MoM (ME 1-ME 2-ME 3),payments in cash,0,51627200,51627200,0,51627200,51627200,MMK
3697,,"Myanmar Pongpipat Co.,L td (*)",0,Licence Fees,MoM (ME 1-ME 2-ME 3),payments in cash,0,0,0,0,0,0,MMK
3698,,"Myanmar Pongpipat Co.,L td (*)",0,Dividends,MoM (ME 1-ME 2-ME 3),payments in cash,0,0,0,0,0,0,MMK
3699,,"Myanmar Pongpipat Co.,L td (*)",0,Land rental fees,MoM (ME 1-ME 2-ME 3),payments in cash,0,0,0,0,0,0,MMK
3700,,"Myanmar Pongpipat Co.,L td (*)",0,Environmental / Plantation fees,MoM (ME 1-ME 2-ME 3),payments in cash,0,0,0,0,0,0,MMK
3701,Not material difference,"Myanmar Pongpipat Co.,L td (*)",1143349.696,"Other significant payments (> 50,000 USD)",MoM (ME 1-ME 2-ME 3),payments in cash,0,121640034.7,121640034.7,0,120496685,120496685,MMK
3702,,"Myanmar Pongpipat Co.,L td (*)",0,Contribution to the State/region social development fund,States/regions,payments in cash,0,0,0,0,0,0,MMK
3703,,"Myanmar Pongpipat Co.,L td (*)",0,Mandatory Corporate Social Responsibility,Social payments,payments in cash,0,0,0,0,0,0,MMK
3704,,"Myanmar Pongpipat Co.,L td (*)",0,Voluntary Corporate Social Responsibility,Social payments,payments in cash,0,47290000,47290000,0,0,0,MMK
3705,,"Kayar Mine Production  Co., Ltd",-21.1022,Production Split (Government and SOEs share),,payments in kind,0,89.5506,89.5506,0,110.6528,110.6528,ferro nickel
3706,,"Kayar Mine Production  Co., Ltd",13.4943,Royalties,,payments in kind,0,13.4943,13.4943,0,0,0,ferro nickel
3707,Not material difference,"Kayar Mine Production  Co., Ltd",9900,Corporate Income Tax (CIT),MoF-IRD-Customs Department,payments in cash,0,27720195,27720195,0,27710295,27710295,MMK
3708,,"Kayar Mine Production  Co., Ltd",0,Commercial Tax,MoF-IRD-Customs Department,payments in cash,0,0,0,0,0,0,MMK
3709,,"Kayar Mine Production  Co., Ltd",0,Commercial Tax on Imports,MoF-IRD-Customs Department,payments in cash,0,0,0,0,0,0,MMK
3710,,"Kayar Mine Production  Co., Ltd",0,Customs Duties,MoF-IRD-Customs Department,payments in cash,0,0,0,0,0,0,MMK
3711,,"Kayar Mine Production  Co., Ltd",0,Stamp Duties,MoF-IRD-Customs Department,payments in cash,0,0,0,0,0,0,MMK
3712,,"Kayar Mine Production  Co., Ltd",0,Capital Gains Tax,MoF-IRD-Customs Department,payments in cash,0,0,0,0,0,0,MMK
3713,,"Kayar Mine Production  Co., Ltd",0,Withholding Tax,MoF-IRD-Customs Department,payments in cash,0,0,0,0,0,0,MMK
3714,,"Kayar Mine Production  Co., Ltd",0,"Other significant payments (> 50,000 USD)",MoF-IRD-Customs Department,payments in cash,0,0,0,0,0,0,MMK
3715,,"Kayar Mine Production  Co., Ltd",0,Royalties,MoM (ME 1-ME 2-ME 3),payments in cash,0,0,0,0,0,0,MMK
3716,Tax not reported by the extractive company,"Kayar Mine Production  Co., Ltd",-15000000,Signature Bonus,MoM (ME 1-ME 2-ME 3),payments in cash,0,0,0,0,15000000,15000000,MMK
3717,,"Kayar Mine Production  Co., Ltd",0,Production Split,MoM (ME 1-ME 2-ME 3),payments in cash,0,0,0,0,0,0,MMK
3718,Not material difference,"Kayar Mine Production  Co., Ltd",2000,Dead Rent Fees,MoM (ME 1-ME 2-ME 3),payments in cash,0,42647000,42647000,0,42645000,42645000,MMK
3719,,"Kayar Mine Production  Co., Ltd",0,Licence Fees,MoM (ME 1-ME 2-ME 3),payments in cash,0,0,0,0,0,0,MMK
3720,,"Kayar Mine Production  Co., Ltd",0,Dividends,MoM (ME 1-ME 2-ME 3),payments in cash,0,0,0,0,0,0,MMK
3721,,"Kayar Mine Production  Co., Ltd",0,Land rental fees,MoM (ME 1-ME 2-ME 3),payments in cash,0,0,0,0,0,0,MMK
3722,,"Kayar Mine Production  Co., Ltd",0,Environmental / Plantation fees,MoM (ME 1-ME 2-ME 3),payments in cash,0,0,0,0,0,0,MMK
3723,Not material difference,"Kayar Mine Production  Co., Ltd",-1320000,"Other significant payments (> 50,000 USD)",MoM (ME 1-ME 2-ME 3),payments in cash,0,0,0,0,1320000,1320000,MMK
3724,,"Kayar Mine Production  Co., Ltd",0,Contribution to the State/region social development fund,States/regions,payments in cash,0,0,0,0,0,0,MMK
3725,,"Kayar Mine Production  Co., Ltd",0,Mandatory Corporate Social Responsibility,Social payments,payments in cash,0,0,0,0,0,0,MMK
3726,,"Kayar Mine Production  Co., Ltd",0,Voluntary Corporate Social Responsibility,Social payments,payments in cash,0,0,0,0,0,0,MMK
3727,,"Ye Htut Kyaw Mining Co.,Ltd",0,Production Split (Government and SOEs share),,payments in kind,0,81,81,0,81,81,ferro nickel
3728,,"Ye Htut Kyaw Mining Co.,Ltd",0,Royalties,,payments in kind,0,0,0,0,0,0,ferro nickel
3729,Not material difference,"Ye Htut Kyaw Mining Co.,Ltd",-3000000,Corporate Income Tax (CIT),MoF-IRD-Customs Department,payments in cash,0,7297301,7297301,0,10297301,10297301,MMK
3730,Not material difference,"Ye Htut Kyaw Mining Co.,Ltd",-4721082,Commercial Tax,MoF-IRD-Customs Department,payments in cash,0,60963505,60963505,0,65684587,65684587,MMK
3731,,"Ye Htut Kyaw Mining Co.,Ltd",0,Commercial Tax on Imports,MoF-IRD-Customs Department,payments in cash,0,0,0,0,0,0,MMK
3732,,"Ye Htut Kyaw Mining Co.,Ltd",0,Customs Duties,MoF-IRD-Customs Department,payments in cash,0,0,0,0,0,0,MMK
3733,,"Ye Htut Kyaw Mining Co.,Ltd",0,Stamp Duties,MoF-IRD-Customs Department,payments in cash,0,0,0,0,0,0,MMK
3734,,"Ye Htut Kyaw Mining Co.,Ltd",0,Capital Gains Tax,MoF-IRD-Customs Department,payments in cash,0,0,0,0,0,0,MMK
3735,,"Ye Htut Kyaw Mining Co.,Ltd",0,Withholding Tax,MoF-IRD-Customs Department,payments in cash,0,0,0,0,0,0,MMK
3736,,"Ye Htut Kyaw Mining Co.,Ltd",0,"Other significant payments (> 50,000 USD)",MoF-IRD-Customs Department,payments in cash,0,0,0,0,0,0,MMK
3737,,"Ye Htut Kyaw Mining Co.,Ltd",0,Royalties,MoM (ME 1-ME 2-ME 3),payments in cash,0,0,0,0,0,0,MMK
3738,Tax not reported by the extractive company,"Ye Htut Kyaw Mining Co.,Ltd",-5500000,Signature Bonus,MoM (ME 1-ME 2-ME 3),payments in cash,0,0,0,0,5500000,5500000,MMK
3739,,"Ye Htut Kyaw Mining Co.,Ltd",0,Production Split,MoM (ME 1-ME 2-ME 3),payments in cash,0,0,0,0,0,0,MMK
3740,Not material difference,"Ye Htut Kyaw Mining Co.,Ltd",-1202700,Dead Rent Fees,MoM (ME 1-ME 2-ME 3),payments in cash,0,1200900,1200900,0,2403600,2403600,MMK
3741,Not material difference,"Ye Htut Kyaw Mining Co.,Ltd",-4000,Licence Fees,MoM (ME 1-ME 2-ME 3),payments in cash,0,0,0,0,4000,4000,MMK
3742,,"Ye Htut Kyaw Mining Co.,Ltd",0,Dividends,MoM (ME 1-ME 2-ME 3),payments in cash,0,0,0,0,0,0,MMK
3743,,"Ye Htut Kyaw Mining Co.,Ltd",0,Land rental fees,MoM (ME 1-ME 2-ME 3),payments in cash,0,0,0,0,0,0,MMK
3744,,"Ye Htut Kyaw Mining Co.,Ltd",0,Environmental / Plantation fees,MoM (ME 1-ME 2-ME 3),payments in cash,0,0,0,0,0,0,MMK
3745,,"Ye Htut Kyaw Mining Co.,Ltd",0,"Other significant payments (> 50,000 USD)",MoM (ME 1-ME 2-ME 3),payments in cash,0,0,0,0,0,0,MMK
3746,,"Ye Htut Kyaw Mining Co.,Ltd",0,Contribution to the State/region social development fund,States/regions,payments in cash,0,0,0,0,0,0,MMK
3747,,"Ye Htut Kyaw Mining Co.,Ltd",0,Mandatory Corporate Social Responsibility,Social payments,payments in cash,0,0,0,0,0,0,MMK
3748,,"Ye Htut Kyaw Mining Co.,Ltd",0,Voluntary Corporate Social Responsibility,Social payments,payments in cash,0,0,0,0,0,0,MMK