Code/Ref,License holder,Type of License,Date of application,PSC ratio,Date of award,Expiry date,Commodity ,Area (Km2),Location (Region),Coordinates of the license area
"5/1999
22/2019","Myanmar Pongpipat Co.,L td ",production,,35:65,1.7.1999,30.6.2019,"Tin/ Tungsten
mixed Ore",8.54,Taninthayi,
8/2004,"Silver Bright  Co,Lt d",production,,32.8:67.2,12.8.2004,11.8.2019,"Tin/ Tungsten 
Mixed Ore",11.82,Taninthayi,
0002/2015,"Mining World Co.,Ltd",production,,32.8:67.2,12.1.2015,11.2.2025,"Tin/ Tungsten 
Mixed Ore",1.63,Taninthayi,
2/2002,"A&A, Natural Resources Development Co,Lt d",production,,32.8:67.2,28.2.2002,27.2.2017,"Tin/ Tungsten 
Mixed Ore",6.69,Taninthayi,
0001/2010,"Delco Co.,Ltd",production,,32.8:67.2,5.1.2010,4.1.2020,"Tin/ Tungsten 
Mixed Ore",8.45,Taninthayi,
27/1999,"Myanmar Tin and Tungsten Co.,Ltd ",production,,30:70,1.12.1999,30.11.2019,"Tin/ Tungsten 
Mixed Ore",1.19,Taninthayi,
008/2012,"Diamond  Shark Mining Co., Ltd",production,,32.8:67.2,25.4.2012,24.4.2022,"Tin/ Tungsten 
Mixed Ore",2.80,Taninthayi,
0004/2013,"Ngwe Ka Ba Myanmar Co.,Ltd ",production,,32.8:67.2,9.5.2013,8.5.2023,"Tin/ Tungsten 
Mixed Ore",3.29,Taninthayi,
37/2000,"Ngwe Ka Ba Myanmar Co.,Ltd ",production,,32.8:67.2,1.11.2000,30.10.2015,"Tin/ Tungsten 
Mixed Ore",7.77,Taninthayi,
1/2002,"Kayar Mine Production  Co., Ltd",production,,30:70,28.2.2002,27.2.2019,"Tin/Tungsten
 Sheelite/
Mixed",28.43,"Kayar 
State",
0026/2010,"Eastern  Mining Co., Ltd ",production,,32.8:67.2,3.2.2010,2.2.2017,"Tin/Tungsten
 Mixed",0.20,Taninthayi,
0027/2010,"Eastern  Mining Co., Ltd ",production,,32.8:67.2,3.2.2010,2.2.2017,"Tin/Tungsten
 Mixed",0.20,Taninthayi,
0028/2010,"Eastern  Mining Co., Ltd ",production,,32.8:67.2,11.2.2010,10.2.2016,"Tin/Tungsten
 Mixed",0.20,Taninthayi,
0187/2010,"Grand Eden  Mining Co., Ltd ",production,,32.8:67.2,12.3.2010,11.3.2016,"Tin/Tungsten
 Mixed",0.20,Taninthayi,
0374/2011,"Htin Kyaw Win Co.,Ltd ",production,,32.8:67.2,25.10.2011,24.10.2016,"Tin/Tungsten
 Mixed",0.20,Taninthayi,
0190/2013,"East Manufacturing Co.,Ltd",production,,30:70,7.11.2013,6.11.2016,"Tin/Tungsten
 Mixed",0.20,Taninthayi,
0128/2012,"Aung Hein Bo Win Co.,Ltd",production,,30:70,8.4.2012,7.4.2017,"Tin/Tungsten
 Mixed",0.20,Taninthayi,
0212/2013,"Man Pyae Phyo Co., ltd",production,,32.8:67.2,22.5.2012,21.5.2016,Tin,0.20,Taninthayi,
0112/2012,"Phuk par(L)Co.,Ltd",production,,30:70,12.3.2015,11.3.2018,"Tin/Tungsten
 Mixed",0.15,Taninthayi,
0062/2015,"Htun Kyae Tapwint Co.,Ltd",production,,30:70,4.8.2010,3.8.2016,Tin,0.16,Taninthayi,
0486/2010,"Golden Sea Mining Co., Ltd ",production,,30:70,4.8.2010,3.8.2016,Tin,0.20,Taninthayi,
0487/2010,"Golden Sea Mining Co., Ltd ",production,,32.8:67.2,4.8.2010,3.8.2016,Tin,0.20,Taninthayi,
0489/2010,"Golden Sea Mining Co., Ltd ",production,,32.8:67.2,21.5.2010,21.5.2013,Tin,0.20,Taninthayi,
0363/2010,"Mining World  Mining Co., Ltd ",production,,32.8:67.2,21.5.2010,21.5.2013,Tin,0.20,Taninthayi,
0362/2010,"Mining World  Mining Co., Ltd ",production,,32.8:67.2,18.3.2011,18.3.2014,Tin,0.20,Taninthayi,
0247/2011,"Mining World  Mining Co., Ltd ",production,,32.8:67.2,24.2.2011,23.2.2017,Tin,0.20,Taninthayi,
0186/2011,"Aung Dana Thukha Co.,Ltd",production,,32.8:67.2,5.3.2010,4.3.2015,Tin,0.20,Taninthayi,
0773/2010,"Wai International Export & Import Mining Co., Ltd ",production,,32.8:67.2,29.10.2010,28.10.2016,Tin,0.20,Taninthayi,
0774/2010,"Wai International Export & Import Mining Co., Ltd ",production,,32.8:67.2,29.10.2010,28.10.2016,Tin,0.20,Taninthayi,
0207/2009,"Nan Thilar  Mining Co., Ltd ",production,,32.8:67.2,1.12.2009,30.11.2016,Tin,0.20,Taninthayi,
0375/2011,"Seinn Lei Kan Thar Agricuiture &
 Fish Farming Products Co.,Ltd",production,,32.8:67.2,25.10.2011,24.10.2016,Tin,0.20,Taninthayi,
0098/2012,Tin Tungstern & Natural Resources,production,,32.8:67.2,7.5.2012,6.5.2016,Tin,0.20,Taninthayi,
0099/2012,Tin Tungstern & Natural Resources,production,,32.8:67.2,7.5.2012,6.5.2016,Tin,0.20,Taninthayi,
0343/2011,"Alwan Taung Mining Co.,Ltd",production,,30:70,29.3.2011,28.3.2017,Tin,0.20,Kachin State,
0344/2011,"Alwan Taung Mining Co.,Ltd",production,,30:70,29.3.2011,28.3.2017,Tin,0.20,Kachin State,
0345/2011,"Alwan Taung Mining Co.,Ltd",production,,30:70,29.3.2011,28.3.2017,Tin,0.20,Kachin State,
0346/2011,"Alwan Taung Mining Co.,Ltd",production,,30:70,29.3.2011,28.3.2017,Tin,0.20,Kachin State,
0769/2010,"San Lin International Export  Import  Co.,Ltd",production,,32.8:67.2,29.10.2010,28.10.2014,Tin,0.20,Kachin State,
0770/2010,"San Lin International Export  Import  Co.,Ltd",production,,32.8:67.2,29.10.2010,28.10.2014,Tin,0.20,Kachin State,
0779/2010,Kayar Silver Star,production,,32.8:67.2,29.10.2010,28.10.2017,"Tin/Tungsten
 Mixed",0.20,Kayar State,
0112/2011,"Ye Htut Kyaw Mining Co.,Ltd",production,,32.8:67.2,28.1.2011,27.1.2017,"Tin/Tungsten
 Sheelite/
Mixed",0.20,Kayar State,
0113/2011,"Ye Htut Kyaw Mining Co.,Ltd",production,,32.8:67.2,28.1.2011,27.1.2017,"Tin/Tungsten
 Sheelite/
Mixed",0.20,Kayar State,
0183/2012,"Kayar Golden  Gate 
Co.,Ltd",production,,32.8:67.2,2.10.2012,1.10.2016,"Tin/Tungsten
 Sheelite/
Mixed",0.20,Kayar State,
0002/2014,"Kayar Htar Ni Mining   Co.,Ltd",production,,32.8:67.2,15.1.2014,14.1.2017,"Tin/Tungsten
 Mixed",0.20,Mon State,
0014/2015,Lir Mu Koh ,production,,30:70,7.1.2015,6.1.2018,"Tin/Tungsten
 Mixed",0.20,Mon State,
0200/2014,"Laoi Mine Kan Co.,Ltd",production,,32.8:67.2,2.7.2014,1.7.2017,"Tin/Tungsten
 Mixed",0.20,Shan (S) State,
0201/2014,"Laoi Mine Kan Co.,Ltd",production,,32.8:67.2,2.7.2014,1.7.2017,"Tin/Tungsten
 Mixed",0.20,Shan (S) State,
0202/2014,"Laoi Mine Kan Co.,Ltd",production,,32.8:67.2,2.7.2014,1.7.2017,"Tin/Tungsten
 Mixed",0.20,Shan (S) State,
0203/2014,"Laoi Mine Kan Co.,Ltd",production,,32.8:67.2,2.7.2014,1.7.2017,"Tin/Tungsten
 Mixed",0.20,Shan (S) State,
0347/2011,"Hoopoe Mining Co.,Ltd",production,,32.8:67.2,29.3.2011,28.3.2014,"Tin/Tungsten
 Mixed",0.14,Shan (S) State,
0348/2011,"Hoopoe Mining Co.,Ltd",production,,32.8:67.2,29.3.2011,28.3.2014,"Tin/Tungsten
 Mixed",0.06,Shan (S) State,
0168/2013,"Sea Sun Star Mining Production & Marketing Co., Ltd.",production,,50:50,2.10.2013,1.10.2015,Gold,0.0809,Kachin,
0169/2013,"Sea Sun Star Mining Production & Marketing Co., Ltd.",production,,50:50,2.10.2013,1.10.2015,Gold,0.0809,Kachin,
0170/2013,"Sea Sun Star Mining Production & Marketing Co., Ltd.",production,,50:50,2.10.2013,1.10.2015,Gold,0.0809,Kachin,
0173/2013,"Sea Sun Star Mining Production & Marketing Co., Ltd.",production,,50:50,2.10.2013,1.10.2015,Gold,0.0809,Kachin,
0174/2013,"Sea Sun Star Mining Production & Marketing Co., Ltd.",production,,50:50,2.10.2013,1.10.2015,Gold,0.0809,Kachin,
0112/2009,"Shwe Pyae Phyo Gold & Mining Co., Ltd",production,,50:50,17.8.2009,16.8.2015,Gold,0.0809,Kachin,
0117/2014,"Thiri Phyo Wai Co., Ltd",production,,50:50,26.3.2014,25.3.2016,Gold,0.0809,Kachin,
0208/2014,"Thiri Phyo Wai Co., Ltd",production,,50:50,17.7.2014,16.7.2015,Gold,0.0809,Kachin,
0192/2011,"San Lin International Export and Import Co.,Ltd",production,,50:50,25.2.2011,24.2.2016,Gold,0.0809,Kachin,
0050/2015,"San Lin International Export and Import Co.,Ltd",production,,50:50,4.2.2015,3.2.2016,Gold,0.0809,Kachin,
0051/2015,"San Lin International Export and Import Co.,Ltd",production,,50:50,4.2.2015,3.2.2016,Gold,0.0809,Kachin,
0274/2014,"Bu Yaung Family Co., Ltd",production,,50:50,12.11.2014,11.11.2015,Gold,0.0809,Kachin,
0285/2014,"Myanmar Academy International Co., Ltd",production,,50:50,3.12.2014,2.12.2015,Gold,0.0809,Kachin,
0056/2015,"Shwe Sune Thaike Co., Ltd",production,,50:50,11.2.2015,10.2.2016,Gold,0.0809,Kachin,
0379/2011,"Shwe Moe Thoon Aung Mining Co., Ltd",production,,50:50,25.11.2011,24.11.2015,Gold,0.0809,Kachin,
0240/2014,"Kan Linn Thu Mining Co., Ltd ",production,,50:50,17.9.2014,16.9.2015,Gold,0.0809,Kachin,
0130/2012,"Lone Sein Mining Co., Ltd",production,,50:50,20.8.2012,19.8.2015,Gold,0.0809,Kachin,
0168/2012,Gold Season Private Limited,production,,50:50,5.9.2012,4.9.2015,Gold,0.0809,Kachin,
0022/2015,"Maha Shwe Zabuu Co., Ltd",production,,50:50,21.1.2015,20.1.2016,Gold,0.0809,Kachin,
0020/2015,"Maha Shwe Zabuu Co., Ltd",production,,50:50,21.1.2015,20.1.2016,Gold,0.0809,Kachin,
0021/2015,"Maha Shwe Zabuu Co., Ltd",production,,50:50,21.1.2015,20.1.2016,Gold,0.0809,Kachin,
0037/2013,"Shwe Phyoe Kywe Mining Co., Ltd",production,,50:50,6.2.2013,5.2.2016,Gold,0.0809,Kachin,
0548/2010,"Htoo Ko Ko Co.,Ltd",production,,50:50,27.8.2010,26.8.2015,Gold,0.0809,Kachin,
0233/2014,"Mega Jade Star Mining Co.,Ltd",production,,50:50,13.8.2014,12.8.2015,Gold,0.0809,Kachin,
0234/2014,"Mega Jade Star Mining Co.,Ltd",production,,50:50,13.8.2014,12.8.2015,Gold,0.0809,Kachin,
0301/2014,National Prosperity Gold Production Group Limited,production,,50:50,24.12.2014,23.12.2015,Gold,0.0809,Kachin,
0265/2014,"Hlaing Aung Pwar Co.,Ltd",production,,50:50,15.10..2014,14.10.2015,Gold,0.0809,Kachin,
0058/2015,"La Pyi Wun Gold Mining Co.,Ltd",production,,50:50,18.2.2015,18.2.2016,Gold,0.0809,Kachin,
0163/2008,"Ruby Dragon Mining Co., Ltd",production,,50:50,3.7.2008,2.7.2015,Gold,0.0809,Sagaing,
0164/2008,"Ruby Dragon Mining Co., Ltd",production,,50:50,3.7.2014,2.7.2015,Gold,0.0809,Sagaing,
0165/2008,"Ruby Dragon Mining Co., Ltd",production,,50:50,3.7.2008,2.7.2015,Gold,0.0809,Sagaing,
0166/2008,"Ruby Dragon Mining Co., Ltd",production,,50:50,3.7.2008,2.7.2015,Gold,0.0809,Sagaing,
0167/2008,"Ruby Dragon Mining Co., Ltd",production,,50:50,3.7.2008,2.7.2015,Gold,0.0809,Sagaing,
0168/2008,"Ruby Dragon Mining Co., Ltd",production,,50:50,3.7.2008,2.7.2015,Gold,0.0809,Sagaing,
0178/2009,"Ruby Dragon Mining Co., Ltd",production,,50:50,9.10.2009,8.10.2015,Gold,0.0809,Sagaing,
0038/2010,"Ruby Dragon Mining Co., Ltd",production,,50:50,4.2.2010,3.2.2016,Gold,0.0809,Sagaing,
0674/2010,"Ruby Dragon Mining Co., Ltd",production,,50:50,20.10.2010,19.10.2015,Gold,0.0809,Sagaing,
0675/2010,"Ruby Dragon Mining Co., Ltd",production,,50:50,20.10.2010,19.10.2015,Gold,0.0809,Sagaing,
0524/2010,"Red Mountain Production co., Ltd.",production,,50:50,10.8.2010,9.8.2015,Gold,0.0809,Sagaing,
0525/2010,"Red Mountain Production co., Ltd.",production,,50:50,10.8.2010,9.8.2015,Gold,0.0809,Sagaing,
0526/2010,"Red Mountain Production co., Ltd.",production,,50:50,10.8.2010,9.8.2015,Gold,0.0809,Sagaing,
0358/2010,"Red Mountain Production co., Ltd.",production,,50:50,14.5.2010,13.5.2015,Gold,0.0809,Sagaing,
0359/2010,"Red Mountain Production co., Ltd.",production,,50:50,14.5.2010,13.5.2015,Gold,0.0809,Sagaing,
0224/2009,"Etarnal Mining Co., Ltd",production,,50:50,13.11.2009,12.11.2015,Gold,0.0809,Sagaing,
0225/2009,"Etarnal Mining Co., Ltd",production,,50:50,13.11.2009,12.11.2015,Gold,0.0809,Sagaing,
0226/2009,"Etarnal Mining Co., Ltd",production,,50:50,13.11.2009,12.11.2015,Gold,0.0809,Sagaing,
0227/2009,"Etarnal Mining Co., Ltd",production,,50:50,13.11.2009,12.11.2015,Gold,0.0809,Sagaing,
0132/2012,"MCS Mining  Co., Ltd",production,,50:50,20.8.2012,19.8.2015,Gold,0.0809,Sagaing,
0172/2012,"Khaing Ngu War Shwe Co.,Ltd",production,,50:50,30.8.2012,29.8.2015,Gold,0.0809,Sagaing,
0079/2013,"ArKar Myint Manufacturing Co., Ltd",production,,50:50,10.4.2013,9.4.2015,Gold,0.0809,Sagaing,
0068/2014,"ArKar Myint Manufacturing Co., Ltd",production,,50:50,8.1.2014,7.1.2016,Gold,0.0809,Sagaing,
0102/2014,"Worm Pool Co., Ltd",production,,50:50,4.3.2014,3.3.2016,Gold,0.0809,Sagaing,
0175/2014,"Asia Golden Light Mining Co., Ltd",production,,50:50,14.5.2014,13.5.2015,Gold,0.0809,Sagaing,
0176/2014,"Asia Golden Light Mining Co., Ltd",production,,50:50,14.5.2014,13.5.2015,Gold,0.0809,Sagaing,
0255/2015,"Asia Golden Light Mining Co., Ltd",production,,50:50,1.10.2014,30.9.2015,Gold,0.0809,Sagaing,
0256/2015,"Asia Golden Light Mining Co., Ltd",production,,50:50,1.10.2014,30.9.2015,Gold,0.0809,Sagaing,
0248/2014,"Myanmar Golden High Land Mining Co., Ltd",production,,50:50,17.9.2014,16.9.2015,Gold,0.0809,Sagaing,
0249/2014,"Myanmar Golden High Land Mining Co., Ltd",production,,50:50,17.9.2014,16.9.2015,Gold,0.0809,Sagaing,
0013/2015,"Worm Pool Co., Ltd",production,,50:50,7.1.2015,6.1.2016,Gold,0.0809,Sagaing,
0288/2009,"Aye Aye Khaing Mining Co., Ltd.",production,,50:50,1.12.2009,30.11.2015,Gold,0.0809,Sagaing,
0289/2009,"Aye Aye Khaing Mining Co., Ltd.",production,,50:50,1.12.2009,30.11.2015,Gold,0.0809,Sagaing,
0145/2010,"Pyi Kaung Kyaw Mining Co.,Ltd",production,,50:50,19.2.2010,18.2.2016,Gold,0.0809,Sagaing,
0146/2010,"Aung Hsu Myat Mining Co.,Ltd",production,,50:50,19.2.2010,18.2.2016,Gold,0.0809,Sagaing,
0147/2010,"Su Htu Pan mining Co.,Ltd",production,,50:50,19.2.2010,18.2.2016,Gold,0.0809,Sagaing,
0148/2010,"Kaung Mon Yadanar Mining co.,Ltd",production,,50:50,19.2.2010,18.2.2016,Gold,0.0809,Sagaing,
0149/2010,"Shwe Tong Tong Mining Co.,Ltd",production,,50:50,19.2.2010,18.2.2016,Gold,0.0809,Sagaing,
0178/2010,"Shwe Ngwe Moe Hlyan mining Co.,Ltd",production,,50:50,19.2.2010,18.2.2016,Gold,0.0809,Sagaing,
0217/2010,"Khaing Shwe Hlyan Mining Co.,Ltd",production,,50:50,9.4.2010,8.4.2015,Gold,0.0809,Sagaing,
0218/2010,"Khaing Shwe Hlyan Mining Co.,Ltd",production,,50:50,9.4.2010,8.4.2015,Gold,0.0809,Sagaing,
0219/2010,"Pyi Kyaw Aung Htay Mining Co.,Ltd",production,,50:50,9.4.2010,8.4.2015,Gold,0.0809,Sagaing,
0220/2010,"Pyi Kyaw Aung Htay Mining Co.,Ltd",production,,50:50,9.4.2010,8.4.2015,Gold,0.0809,Sagaing,
0459/2010,"Skyward Co., Ltd",production,,50:50,6.7.2010,5.7.2015,Gold,0.0809,Sagaing,
0449/2010,"Swan Minn Htet Mining co., Ltd",production,,50:50,6.7.2010,5.7.2015,Gold,0.0809,Sagaing,
0450/2010,"Swan Minn Htet Mining co., Ltd",production,,50:50,6.7.2010,5.7.2015,Gold,0.0809,Sagaing,
0451/2010,"Swan Minn Htet Mining co., Ltd",production,,50:50,6.7.2010,5.7.2015,Gold,0.0809,Sagaing,
0452/2010,"Swan Minn Htet Mining co., Ltd",production,,50:50,6.7.2010,5.7.2015,Gold,0.0809,Sagaing,
0453/2010,"Swan Minn Htet Mining co., Ltd",production,,50:50,6.7.2010,5.7.2015,Gold,0.0809,Sagaing,
0454/2010,"Swan Yadanar Htay Mining Co.,Ltd",production,,50:50,6.7.2010,5.7.2015,Gold,0.0809,Sagaing,
0455/2010,"Swan Yadanar Htay Mining Co.,Ltd",production,,50:50,6.7.2010,5.7.2015,Gold,0.0809,Sagaing,
0456/2010,"Swan Yadanar Htay Mining Co.,Ltd",production,,50:50,6.7.2010,5.7.2015,Gold,0.0809,Sagaing,
0457/2010,"Swan Yadanar Htay Mining Co.,Ltd",production,,50:50,6.7.2010,5.7.2015,Gold,0.0809,Sagaing,
0458/2010,"Swan Yadanar Htay Mining Co.,Ltd",production,,50:50,6.7.2010,5.7.2015,Gold,0.0809,Sagaing,
0027/2014,"Than Htite Shwe Sin Mining Co.,Ltd",production,,50:50,15.1.2014,14.1.2016,Gold,0.0809,Sagaing,
0023/2013,"Ngwe Yung Linn Mining Co., Ltd",production,,50:50,30.1.2013,29.1.2016,Gold,0.0809,Sagaing,
0136/2013,"Aye Nyein DaNa Co., Ltd",production,,50:50,12.7.2013,11.7.2015,Gold,0.0809,Sagaing,
0137/2013,"Aye Nyein DaNa Co., Ltd",production,,50:50,12.7.2013,11.7.2015,Gold,0.0809,Sagaing,
0106/2014,"Shwe Taing Htar Nay Co.,Ltd",production,,50:50,2.4.2014,1.4.2015,Gold,0.0809,Sagaing,
0189/2014,"Seven Two Seven Mining Co., Ltd",production,,50:50,11.6.2014,10.6.2015,Gold,0.0809,Sagaing,
0263/2014,"Seven Two Seven Mining Co., Ltd",production,,50:50,15.10.2014,14.10.2015,Gold,0.0809,Sagaing,
0264/2014,"Seven Two Seven Mining Co., Ltd",production,,50:50,15.10.2014,14.10.2015,Gold,0.0809,Sagaing,
0238/2014,"Shwe Linn Aung Co., Ltd",production,,50:50,3.9.2014,2.9.2015,Gold,0.0809,Sagaing,
0245/2014,"Shwe Ni Hla Co., Ltd",production,,50:50,17.9.2014,16.9.2015,Gold,0.0809,Sagaing,
0246/2014,"Shwe Ni Hla Co., Ltd",production,,50:50,17.9.2014,16.9.2015,Gold,0.0809,Sagaing,
0244/2014,"Hein Hein Than Co., Ltd",production,,50:50,17.9.2014,16.9.2015,Gold,0.0809,Sagaing,
0268/2014,"Shwe Win Aung AungCo., Ltd",production,,50:50,15.10.2014,14.10.2015,Gold,0.0809,Sagaing,
0279/2014,"Agga Yadanar Mining Co., Ltd",production,,50:50,26.11.2014,25.11.2015,Gold,0.0809,Sagaing,
0280/2014,"Agga Yadanar Mining Co., Ltd",production,,50:50,26.11.2014,25.11.2015,Gold,0.0809,Sagaing,
0281/2014,"Agga Yadanar Mining Co., Ltd",production,,50:50,26.11.2014,25.11.2015,Gold,0.0809,Sagaing,
0299/2014,"Shwe Oh Si Mining Co., Ltd",production,,50:50,24.12.2014,23.12.2015,Gold,0.0809,Sagaing,
0273/2014,"Aung Pyae Thar Mining Co., Ltd",production,,50:50,12.11.2014,11.11.2015,Gold,0.0809,Sagaing,
0294/2014,"Shwe Se Toe Mining Co., Ltd",production,,50:50,17.12.2014,16.12.2015,Gold,0.0809,Sagaing,
0291/2014,"Shwe Let Well thonenaya Mining Co., Ltd",production,,50:50,17.12.2014,16.12.2015,Gold,0.0809,Sagaing,
0292/2014,"Shwe Let Well thonenaya Mining Co., Ltd",production,,50:50,17.12.2014,16.12.2015,Gold,0.0809,Sagaing,
0292/2009,"Shwe Htay Bamar Mining Co., Ltd",production,,50:50,1.12.2009,30.11.2015,Gold,0.0809,Sagaing,
0055/2015,"Shwe Twin Gyi  Mining Co., Ltd",production,,50:50,11.2.2015,10.2.2016,Gold,0.0809,Sagaing,
0011/2015,"Tan Chu Shin Mining Co., Ltd",production,,50:50,7.1.2015,6.1.2016,Gold,0.0809,Sagaing,
0067/2015,"Min Win Soe Mining Co.,Ltd",production,,50:50,12.3.2015,11.3.2016,Gold,0.0809,Sagaing,
0068/2015,"Shwe Hein San Family Co., Ltd",production,,50:50,12.3.2015,11.3.2016,Gold,0.0809,Sagaing,
0234/2009,"Young International Mining Co.,Ltd",production,,50:50,13.11.2009,12.11.2015,Gold,0.0809,Sagaing,
0236/2009,"Young International Mining Co.,Ltd",production,,50:50,13.11.2009,12.11.2015,Gold,0.0809,Sagaing,
0191/2012,"Ko Lay Naung Co.,Ltd",production,,50:50,2.10.2012,1.10.2015,Gold,0.0809,Sagaing,
0465/2010,"San Shwe Pyi Mining  ProductionCo., Ltd",production,,50:50,6.7.2010,5.7.2015,Gold,0.0809,Sagaing,
0466/2010,"San Shwe Pyi Mining  ProductionCo., Ltd",production,,50:50,6.7.2010,5.7.2015,Gold,0.0809,Sagaing,
0052/2014,"Mya Theingi Mineral Production Co., Ltd",production,,50:50,22.1.2014,21.1.2016,Gold,0.0809,Sagaing,
0053/2014,"Mya Theingi Mineral Production Co., Ltd",production,,50:50,22.1.2014,21.1.2016,Gold,0.0809,Sagaing,
0024/2015,"Mya Theingi Mineral Production Co., Ltd",production,,50:50,21.1.2015,20.1.2016,Gold,0.0809,Sagaing,
0062/2014,"Pi Naung Tai Co., Ltd",production,,50:50,28.5.2014,27.5.2015,Gold,0.0809,Sagaing,
0118/2012,"Sein Mya Lwin Mining Co., Ltd",production,,50:50,21.6.2012,20.6.2015,Gold,0.0809,Sagaing,
0849/2010,"Sein Mya Lwin Mining Co., Ltd",production,,50:50,24.12.2010,23.12.2015,Gold,0.0809,Sagaing,
0293/2011,"Aung Tie San Mining Co., Ltd",production,,50:50,24.3.2011,23.3.2016,Gold,0.0809,Sagaing,
0174/2012,"Aung Tie San Mining Co., Ltd",production,,50:50,30.8.2012,29.8.2015,Gold,0.0809,Sagaing,
0217/2014,"Golden Moon Light Co.,:Ltd",production,,50:50,26.3.2014,25.3.2015,Gold,0.0809,Sagaing,
0218/2014,"Golden Moon Light Co.,:Ltd",production,,50:50,26.3.2014,25.3.2015,Gold,0.0809,Sagaing,
0130/2014,"Golden Valley International Development Co.,Ltd",production,,50:50,2.4.2014,1.4.2015,Gold,0.0809,Sagaing,
0129/2014,"Golden Valley International Development Co.,Ltd",production,,50:50,26.3.2014,25.3.2015,Gold,0.0809,Sagaing,
0046/2015,"Golden Valley International Development Co.,Ltd",production,,50:50,4.2.2015,3.2.2016,Gold,0.0809,Sagaing,
0047/2015,"Golden Valley International Development Co.,Ltd",production,,50:50,4.2.2015,3.2.2016,Gold,0.0809,Sagaing,
0048/2015,"Golden Valley International Development Co.,Ltd",production,,50:50,4.2.2015,3.2.2016,Gold,0.0809,Sagaing,
0049/2015,"Golden Valley International Development Co.,Ltd",production,,50:50,4.2.2015,3.2.2016,Gold,0.0809,Sagaing,
0258/2014,"Shwe Kyar San Co., Ltd",production,,50:50,9.10.2014,8.10.2015,Gold,0.0809,Sagaing,
0005/2013,"Shwe Kyar San Co., Ltd",production,,50:50,28.12.2013,27.12.2015,Gold,0.0809,Sagaing,
0160/2014,"Aung Pyae Pyae Phyo Co.,Ltd",production,,50:50,28.5.2014,27.5.2015,Gold,0.0809,Sagaing,
0058/2013,"Shinn Thant Aung Myin Mining Co., Ltd",production,,50:50,13.3.2013,12.3.2016,Gold,0.0809,Sagaing,
0067/2014,"Shinn Thant Aung Myin Mining Co., Ltd",production,,50:50,13.3.2013,12.3.2016,Gold,0.0809,Sagaing,
0222/2014,"Shinn Thant Aung Myin Mining Co., Ltd",production,,50:50,19.8.2014,18.8.2015,Gold,0.0809,Sagaing,
0259/2014,"Shinn Thant Aung Myin Mining Co., Ltd",production,,50:50,9.10.2014,8.10.2015,Gold,0.0809,Sagaing,
0070/2013,"Natural Gold Mining &Production Co., Ltd",production,,50:50,22.4.2013,21.4.2015,Gold,0.0809,Sagaing,
0133/2014,"Natural Gold Mining &Production Co., Ltd",production,,50:50,23.4.2014,22.4.2015,Gold,0.0809,Sagaing,
0148/2013,"Shwe Ma Haw Mining Co., Ltd",production,,50:50,12.7.2013,11.7.2015,Gold,0.0809,Sagaing,
0241/2014,"Shwe Ma Haw Mining Co., Ltd",production,,50:50,17.9.2014,16.9.2015,Gold,0.0809,Sagaing,
0144/2013,"Southern Banner Co., Ltd",production,,50:50,30.7.2013,29.7.2015,Gold,0.0809,Sagaing,
0145/2013,"Southern Banner Co., Ltd",production,,50:50,30.7.2013,29.7.2015,Gold,0.0809,Sagaing,
0197/2014,"Shwe Min Gyi Mining Co.,Ltd",production,,50:50,18.6.2014,17.6.2015,Gold,0.0809,Sagaing,
0236/2014,"Shwe Min Gyi Mining Co.,Ltd",production,,50:50,27.8.2014,26.8.2015,Gold,0.0809,Sagaing,
0025/2015,"Shwe Min Gyi Mining Co.,Ltd",production,,50:50,28.1.2015,27.1.2016,Gold,0.0809,Sagaing,
0026/2015,"Shwe Min Gyi Mining Co.,Ltd",production,,50:50,28.1.2015,27.1.2016,Gold,0.0809,Sagaing,
0134/2013,"Myit Phyar Tharlar Waddy Co., Ltd",production,,50:50,19.6.2013,18.6.2015,Gold,0.0809,Sagaing,
0135/2013,"Myit Phyar Tharlar Waddy Co., Ltd",production,,50:50,19.6.2013,18.6.2015,Gold,0.0809,Sagaing,
0118/2014,"Myit Phyar Tharlar Waddy Co., Ltd",production,,50:50,4.3.2014,3.3.2016,Gold,0.0809,Sagaing,
0163/2013,"Kaung Kin Kyei Sin Mining Co., Ltd",production,,50:50,29.8.2013,28.8.2015,Gold,0.0809,Sagaing,
0021/2014,"Kaung Kin Kyei Sin Mining Co., Ltd",production,,50:50,30.12.2014,29.12.2015,Gold,0.0809,Sagaing,
0022/2014,"Kaung Kin Kyei Sin Mining Co., Ltd",production,,50:50,30.12.2014,29.12.2015,Gold,0.0809,Sagaing,
0206/2014,"Kaung Kin Kyei Sin Mining Co., Ltd",production,,50:50,2.7.2014,1.7.2015,Gold,0.0809,Sagaing,
0083/2013,"Shwe Sin San Myint Mining Co., Ltd",production,,50:50,22.4.2013,21.4.2015,Gold,0.0809,Sagaing,
0060/2014,"Shwe Uru Aung Mining Co., Ltd ",production,,50:50,13.2.2014,12.2.2016,Gold,0.0809,Sagaing,
0105/2014,"Shwe Htay Bamar Mining Co., Ltd",production,,50:50,2.4.2014,1.4.2015,Gold,0.0809,Sagaing,
0052/2015,"Shwe Htay Bamar Mining Co., Ltd",production,,50:50,4.2.2015,3.2.2016,Gold,0.0809,Sagaing,
0204/2014,"Swan Htet Win Co., Ltd",production,,50:50,25.6.2014,24.6.2015,Gold,0.0809,Sagaing,
0029/2014,"Chindwin Shwe Group Co., Ltd",production,,50:50,15.1.2014,14.1.2016,Gold,0.0809,Sagaing,
0085/2014,"Htet Yadanar Tun Co., Ltd",production,,50:50,4.3.2014,3.3.2016,Gold,0.0809,Sagaing,
0198/2014,"Shwe Toe Tat Wai Kyaw Co., Ltd",production,,50:50,18.6.2014,17.6.2015,Gold,0.0809,Sagaing,
0269/2014,"Shwe Toe Tat Wai Kyaw Co., Ltd",production,,50:50,30.10.2014,29.10.2015,Gold,0.0809,Sagaing,
0156/2014,"Thein Hlyan Shwe Sin Mining  Co., Ltd ",production,,50:50,30.4.2014,29.4.2015,Gold,0.0809,Sagaing,
0260/2014,"Thein Hlyan Shwe Sin Mining  Co., Ltd ",production,,50:50,9.10.2014,8.10.2015,Gold,0.0809,Sagaing,
0066/2014,"Win Thiri Kyaw Mining Co., Ltd",production,,50:50,13.2.2015,12.2.2016,Gold,0.0809,Sagaing,
0250/2014,"Lin Khant  Kyaw Co., Ltd ",production,,50:50,17.9.2014,16.9.2015,Gold,0.0809,Sagaing,
0078/2014,"Golden Brother Unity Mining Co.,Ltd",production,,50:50,4.3.2015,3.3.2016,Gold,0.0809,Sagaing,
0113/2014,"Nature Strength  Co., Ltd",production,,50:50,26.3.2014,25.3.2015,Gold,0.0809,Sagaing,
0125/2014,"Haw Nan Htike Co., Ltd",production,,50:50,2.4.2014,1.4.2015,Gold,0.0809,Sagaing,
0278/2014,"Haw Nan Htike Co., Ltd",production,,50:50,26.11.2014,25.11.2015,Gold,0.0809,Sagaing,
0132/2014,"Toe Kywe Co., Ltd",production,,50:50,9.4.2014,8.4.2015,Gold,0.0809,Sagaing,
0177/2014,"Min Thiha Aung Co., Ltd",production,,50:50,28.5.2014,27.5.2015,Gold,0.0809,Sagaing,
0271/2014,"Min Thiha Aung Co., Ltd",production,,50:50,5.11.2014,4.11.2015,Gold,0.0809,Sagaing,
0137/2014,"Pyi Taw Tun Co.,Ltd",production,,50:50,30.4.2014,29.4.2015,Gold,0.0809,Sagaing,
0183/2014,"Shwe Phyo Thisar Mandine Mining Co., Ltd",production,,50:50,6.6.2014,5.6.2015,Gold,0.0809,Sagaing,
0242/2014,"Shwe Phyo Thisar Mandine Mining Co., Ltd",production,,50:50,17.9.2014,16.9.2015,Gold,0.0809,Sagaing,
0138/2014,"URU Myitar Co., Ltd",production,,50:50,30.4.2014,29.4.2015,Gold,0.0809,Sagaing,
0188/2014,"Myat Htet Ko Co.,Ltd",production,,50:50,11.6.2014,10.6.2015,Gold,0.0809,Sagaing,
0195/2014,"Zayar Thaung Co., Ltd",production,,50:50,18.6.2014,17.6.2015,Gold,0.0809,Sagaing,
0135/2014,"Myint And Kyu Mining Co.,Ltd",production,,50:50,9.4.2014,8.4.2015,Gold,0.0809,Sagaing,
0136/2014,"Myint And Kyu Mining Co.,Ltd",production,,50:50,9.4.2014,8.4.2015,Gold,0.0809,Sagaing,
0143/2014,"Ngwe La Won Thar Mining Co.,Ltd",production,,50:50,14.5.2014,13.5.2015,Gold,0.0809,Sagaing,
0019/2015,"Ngwe La Won Thar Mining Co.,Ltd",production,,50:50,21.1.2015,20.1.2016,Gold,0.0809,Sagaing,
0186/2014,"Bo Myint Min Zaw Co.,Ltd",production,,50:50,28.5.2014,27.5.2015,Gold,0.0809,Sagaing,
0203/2014,"Yadanar Aung Pan Co.,Ltd",production,,50:50,18.6.2014,17.6.2015,Gold,0.0809,Sagaing,
0207/2014,"Pyi Chit Thar Mining Co., Ltd",production,,50:50,2.7.2014,1.7.2015,Gold,0.0809,Sagaing,
0214/2014,"Tun Myint Myat Aung Co.,Ltd",production,,50:50,30.7.2014,29.7.2015,Gold,0.0809,Sagaing,
0247/2014,"Shwe Sin Tun (Nant Taw) Mining Co.,Ltd",production,,50:50,17.9.2014,16.9.2015,Gold,0.0809,Sagaing,
0239/2014,"Exploration Earth Myanmar Co., Ltd",production,,50:50,3.9.2014,2.9.2015,Gold,0.0809,Sagaing,
0219/2014,"M.I.G Co., Ltd",production,,50:50,11.6.2014,10.6.2015,Gold,0.0809,Sagaing,
0054/2015,"M.I.G Co., Ltd",production,,50:50,11.2.2015,10.2.2016,Gold,0.0809,Sagaing,
0057/2015,"M.I.G Co., Ltd",production,,50:50,19.2.2015,18.2.2016,Gold,0.0809,Sagaing,
0257/2014,"Aung Khant Swan Co.,Ltd",production,,50:50,9.10.2014,8.10.2015,Gold,0.0809,Sagaing,
0267/2014,"Marga Shwe Taung Co., Ltd",production,,50:50,15.10.2014,14.10.2015,Gold,0.0809,Sagaing,
0296/2014,"Yadanar Kyi Mar Aung Mining Co.,Ltd",production,,50:50,24.12.2014,23.12.2015,Gold,0.0809,Sagaing,
0254/2014,"Gold Seven Star Co., Ltd",production,,50:50,1.10.2014,30.9.2015,Gold,0.0809,Sagaing,
0272/2014,"Soe Myat Yadanar Mining Co.,Ltd",production,,50:50,5.11.2014,4.11.2015,Gold,0.0809,Sagaing,
0270/2014,"Thalar Moe Nyunt Co.,Ltd",production,,50:50,5.11.2014,4.11.2015,Gold,0.0809,Sagaing,
0205/2014,"Shwe Pyae Maung Mining Co.,Ltd",production,,50:50,2.7.2014,1.7.2015,Gold,0.0809,Sagaing,
0275/2014,"Pyi Pyo San Mining Co., Ltd",production,,50:50,21.11.2014,20.11.2015,Gold,0.0809,Sagaing,
0298/2014,"Shwe Toe Hlyan Co., Ltd",production,,50:50,24.12.2014,23.12.2015,Gold,0.0809,Sagaing,
0287/2014,"Aung Shwe Sin Myat Co., Ltd",production,,50:50,10.12.2014,9.12.2015,Gold,0.0809,Sagaing,
0015/2015,"Shwe Zayar Pubic Co., Ltd",production,,50:50,15.1.2015,14.1.2016,Gold,0.0809,Sagaing,
0016/2015,"Shwe Zayar Pubic Co., Ltd",production,,50:50,15.1.2015,14.1.2016,Gold,0.0809,Sagaing,
0297/2014,"Placer Gold Mining Co.,Ltd",production,,50:50,24.12.2014,23.12.2015,Gold,0.0809,Sagaing,
0196/2013,"Thiri Yadanar Toe Co.,Ltd",production,,50:50,30.10.2013,29.10.2015,Gold,0.0809,Sagaing,
0009/2015,"Otya Shwe Sin Co., Ltd",production,,50:50,7.1.2015,6.1.2016,Gold,0.0809,Sagaing,
0010/2015,"Otya Shwe Sin Co., Ltd",production,,50:50,7.1.2015,6.1.2016,Gold,0.0809,Sagaing,
0065/2015,"Nyunt and Son Co., Ltd",production,,50:50,12.3.2015,11.3.2016,Gold,0.0809,Sagaing,
0059/2015,"Yu Thanlar Co., Ltd",production,,50:50,26.2.2015,25.2.2016,Gold,0.0809,Sagaing,
0060/2015,"San Pyae Thein Co., Ltd",production,,50:50,26.2.2015,25.2.2016,Gold,0.0809,Sagaing,
0066/2015,"Professional Co., Ltd",production,,50:50,12.3.2015,11.3.2016,Gold,0.0809,Sagaing,
0064/2015,"Than Shwe Ye Aung Co., Ltd",production,,50:50,12.3.2015,11.3.2016,Gold,0.0809,Sagaing,
0078/2015,"Zaw Hein Thant Co.,Ltd",production,,50:50,18.3.2015,17.3.2016,Gold,0.0809,Sagaing,
0176//2013,"Tin Soe Tun Mining Co.,Ltd",production,,50:50,2.10.2013,1.10.2015,Gold,0.0809,Sagaing,
0290/2009,"Aye Aye Khaing Mining Co., Ltd.",production,,50:50,1.12.2009,30.11.2015,Gold,0.0809,Sagaing,
0235/2014,"Cho Group Manufacturing Co., Ltd",production,,50:50,27.8.2014,26.8.2015,Gold,0.0809,Sagaing,
0300/2014,"Kan Tar ya Seinn Mining Co., Ltd",production,,50:50,24.12.2014,23.12.2015,Gold,0.0809,Sagaing,
0061/2015,"Kan Tar ya Seinn Mining Co., Ltd",production,,50:50,5.3.2015,4.3.2016,Gold,0.0809,Sagaing,
0006/2015,"Awzar Shwe Pyae Mining Co., Ltd",production,,50:50,7.1.2015,6.1.2016,Gold,0.0809,Sagaing,
0007/2015,"Awzar Shwe Pyae Mining Co., Ltd",production,,50:50,7.1.2015,6.1.2016,Gold,0.0809,Sagaing,
0008/2015,"Awzar Shwe Pyae Mining Co., Ltd",production,,50:50,7.1.2015,6.1.2016,Gold,0.0809,Sagaing,
0069/2015,"Aung Zaw Htoo Hein Co., Ltd",production,,50:50,12.3.2015,11.3.2016,Gold,0.0809,Sagaing,
0859/2010,"Myanmar Shan Kyi Lone Co., Ltd",production,,50:50,24.12.2010,23.12.2015,Gold,0.0809,Sagaing,
0860/2010,"Myanmar Shan Kyi Lone Co., Ltd",production,,50:50,24.12.2010,23.12.2015,Gold,0.0809,Sagaing,
0051/2014,"Shwe La Wyaing Manufacturing Co., Ltd",production,,50:50,30.2.2014,29.12.2015,Gold,0.0809,Sagaing,
0131/2014,"Phyo Than Co., Ltd",production,,50:50,4.3.2014,3.3.2016,Gold,0.0809,Sagaing,
0012/2015,"Zike Shane Export and Import Co.,Ltd",production,,50:50,7.1.2015,6.1.2016,Gold,0.0809,Sagaing,
0104/2014,"Shwe Sin Naing Aung Co., Ltd",production,,50:50,4.3.2014,3.3.2016,Gold,0.0809,Sagaing,
0198/2014,"San Oo Lwin Mining Co.,Ltd",production,,50:50,25.6.2014,24.6.2015,Gold,0.0809,Sagaing,
0134/2014,"Shwe Yetkha Co., Ltd",production,,50:50,9.4.2014,8.4.2015,Gold,0.0809,Sagaing,
0288/2014,"Aung Khant Swan Co.,Ltd",production,,50:50,10.12.2014,9.12.2015,Gold,0.0809,Sagaing,
0124/2014,"Shwe Pyae Thein Co.,Ltd",production,,50:50,9.4.2014,8.4.2015,Gold,0.0809,Sagaing,
0161/2014,"Shwe Martar Mining Co.,Ltd",production,,50:50,28.5.2014,27.5.2015,Gold,0.0809,Sagaing,
0243/2014,"Shwe Pyi Kyaw Co., Ltd",production,,50:50,17.9.2014,16.9.2015,Gold,0.0809,Sagaing,
0141/2012,"Min Win Takhun Co., Ltd",production,,50:50,20.8.2012,19.8.2015,Gold,0.0809,Sagaing,
0210/2013,"Anetga Yadanar Aung Mining Co., Ltd.",production,,50:50,26.11.2013,25.11.2015,Gold,0.0809,Taninthayi,
0395/2011,"Golden Target Mining Co.,Ltd",production,,50:50,7.12.2011,6.12.2015,Gold,0.0809,Bago,
0154/2014,"Shwe Khit Toe Tat Yae Mining Co., Ltd",production,,50:50,9.4.2011,8.4.2015,Gold,0.0809,Bago,
0293/2014,"Shwe Pyi San Yar Co., Ltd",production,,50:50,17.12.2014,16.12.2015,Gold,0.0809,Bago,
0307/2014,"L Do War Htoo Co.,Ltd",production,,50:50,31.12.2014,30.12.2015,Gold,0.0809,Bago,
0239/2011,"Future Engineering & Gold Mining Co., Ltd.",production,,50:50,25.2.2011,24.2.2016,Gold,0.0809,Mandalay,
0140/2011,"Future Engineering & Gold Mining Co., Ltd.",production,,50:50,25.2.2011,24.2.2016,Gold,0.0809,Mandalay,
1079/2013,"Future Engineering & Gold Mining Co., Ltd.",production,,50:50,22.10.2013,21.10.2015,Gold,0.0809,Mandalay,
0180/2013,"Future Engineering & Gold Mining Co., Ltd.",production,,50:50,22.10.2013,21.10.2015,Gold,0.0809,Mandalay,
0035/2011,"Shwe Pyi Thar Gold Production & Refining Co., Ltd.",production,,50:50,18.1.2011,17.1.2016,Gold,0.0809,Mandalay,
0036/2011,"Shwe Pyi Thar Gold Production & Refining Co., Ltd.",production,,50:50,18.1.2011,17.1.2016,Gold,0.0809,Mandalay,
0161/2012,"Shwe Pyi Thar Gold Production & Refining Co., Ltd.",production,,50:50,30.8.2012,29.8.2015,Gold,0.0809,Mandalay,
1062/2012,"Shwe Pyi Thar Gold Production & Refining Co., Ltd.",production,,50:50,30.8.2012,29.8.2015,Gold,0.0809,Mandalay,
0078/2011,"Shwe Wah Taung Co., Ltd.",production,,50:50,18.1.2011,17.1.2016,Gold,0.0809,Mandalay,
1232/2011,"Shwe Wah Taung Co., Ltd.",production,,50:50,25.2.2011,24.2.2016,Gold,0.0809,Mandalay,
0187/2011,"Shwe Wah Taung Co., Ltd.",production,,50:50,24.3.2011,23.3.2016,Gold,0.0809,Mandalay,
0154/2011,"Myanmar Golden Point Family Co., Ltd.",production,,50:50,7.2.2011,6.2.2016,Gold,0.0809,Mandalay,
0155/2011,"Myanmar Golden Point Family Co., Ltd.",production,,50:50,7.2.2011,6.2.2016,Gold,0.0809,Mandalay,
0156/2011,"Myanmar Golden Point Family Co., Ltd.",production,,50:50,7.2.2011,6.2.2016,Gold,0.0809,Mandalay,
0157/2011,"Myanmar Golden Point Family Co., Ltd.",production,,50:50,7.2.2011,6.2.2016,Gold,0.0809,Mandalay,
0158/2011,"Myanmar Golden Point Family Co., Ltd.",production,,50:50,7.2.2011,6.2.2016,Gold,0.0809,Mandalay,
0159/2011,"Myanmar Golden Point Family Co., Ltd.",production,,50:50,7.2.2011,6.2.2016,Gold,0.0809,Mandalay,
0198/2013,"Myanmar Golden Point Family Co., Ltd.",production,,50:50,24.11.2013,20.11.2015,Gold,0.0809,Mandalay,
0199/2013,"Myanmar Golden Point Family Co., Ltd.",production,,50:50,24.11.2013,20.11.2015,Gold,0.0809,Mandalay,
0200/2013,"Myanmar Golden Point Family Co., Ltd.",production,,50:50,24.11.2013,20.11.2015,Gold,0.0809,Mandalay,
0201/2013,"Myanmar Golden Point Family Co., Ltd.",production,,50:50,24.11.2013,20.11.2015,Gold,0.0809,Mandalay,
0221/2011,"Eternal Mining Co.,Ltd",production,,50:50,25.2.2011,24.2.2016,Gold,0.0809,Mandalay,
0223/2011,"Eternal Mining Co.,Ltd",production,,50:50,25.2.2011,24.2.2016,Gold,0.0809,Mandalay,
0224/2011,"Eternal Mining Co.,Ltd",production,,50:50,25.2.2011,24.2.2016,Gold,0.0809,Mandalay,
0228/2011,"Eternal Mining Co.,Ltd",production,,50:50,25.2.2011,24.2.2016,Gold,0.0809,Mandalay,
0229/2011,"Eternal Mining Co.,Ltd",production,,50:50,25.2.2011,24.2.2016,Gold,0.0809,Mandalay,
0124/2012,"Shwe Su Su Than Mining Co., Ltd.",production,,50:50,8.8.2012,7.8.2015,Gold,0.0809,Mandalay,
0034/2012,"Shwe Thein Than Kabar Mineral Manufacturing Co., Ltd.",production,,50:50,11.1.2012,10.1.2016,Gold,0.0809,Mandalay,
0053/2012,"Shwe Thein Than Kabar Mineral Manufacturing Co., Ltd.",production,,50:50,11.1.2012,10.1.2016,Gold,0.0809,Mandalay,
0163/2012,"Shwe Thein Than Kabar Mineral Manufacturing Co., Ltd.",production,,50:50,30.8.2012,29.8.2015,Gold,0.0809,Mandalay,
0033/2012,"Kyaw Soe Ya Mining & Production Co., Ltd.",production,,50:50,10.1.2012,9.1.2016,Gold,0.0809,Mandalay,
0121/2013,"Kyaw Soe Ya Mining & Production Co., Ltd.",production,,50:50,19.6.2013,18.6.2015,Gold,0.0809,Mandalay,
0390/2011,"Koe Kant Shwe Ngar Co.,Ltd",production,,50:50,5.12.2011,4.12.2015,Gold,0.0809,Mandalay,
0391/2011,"Koe Kant Shwe Ngar Co.,Ltd",production,,50:50,5.12.2011,4.12.2015,Gold,0.0809,Mandalay,
0392/2011,"Koe Kant Shwe Ngar Co.,Ltd",production,,50:50,5.12.2011,4.12.2015,Gold,0.0809,Mandalay,
0393/2011,"Koe Kant Shwe Ngar Co.,Ltd",production,,50:50,5.12.2011,4.12.2015,Gold,0.0809,Mandalay,
0401/2011,"For Luck International Co., Ltd.",production,,50:50,5.12.2011,4.12.2015,Gold,0.0809,Mandalay,
0402/2011,"For Luck International Co., Ltd.",production,,50:50,5.12.2011,4.12.2015,Gold,0.0809,Mandalay,
0127/2012,"Shwe Than Danan Co.,Ltd",production,,50:50,5.12.2012,4.12.2015,Gold,0.0809,Mandalay,
0143/2012,"Shwe Chaung Gyi Mining Co.,Ltd",production,,50:50,20.8.2012,18.8.2015,Gold,0.0809,Mandalay,
0122/2012,"G.D.Roc Co., Ltd.",production,,50:50,8.8.2012,7.8.2015,Gold,0.0809,Mandalay,
0123/2012,"G.D.Roc Co., Ltd.",production,,50:50,8.8.2012,7.8.2015,Gold,0.0809,Mandalay,
0189/2012,"Ye Htut Kyaw Co.,Ltd",production,,50:50,2.10.2012,1.10.2015,Gold,0.0809,Mandalay,
0222/2012,"Sixteen Star Co.,Ltd",production,,50:50,8.11.2012,7.11.2015,Gold,0.0809,Mandalay,
0010/2013,"Aung Myittar Shin Mining Co.,Ltd",production,,50:50,2.1.2013,1.1.2016,Gold,0.0809,Mandalay,
0003/2013,"Southern Value Mining Co.,Ltd",production,,50:50,12.12.2013,11.12.2015,Gold,0.0809,Mandalay,
0002/2013,"Shwe Taung Myint Moe Tagon  Co., Ltd",production,,50:50,28.12.2013,27.12.2015,Gold,0.0809,Mandalay,
0029/2013,"Myanmar Kyin Sein Co.,Ltd",production,,50:50,30.1.2013,29.1.2016,Gold,0.0809,Mandalay,
0030/2013,"Myanmar Kyin Sein Co.,Ltd",production,,50:50,30.1.2013,29.1.2016,Gold,0.0809,Mandalay,
0031/2013,"Myanmar Kyin Sein Co.,Ltd",production,,50:50,30.1.2013,29.1.2016,Gold,0.0809,Mandalay,
0032/2013,"Myanmar Kyin Sein Co.,Ltd",production,,50:50,30.1.2013,29.1.2016,Gold,0.0809,Mandalay,
0033/2013,"Myanmar Kyin Sein Co.,Ltd",production,,50:50,30.1.2013,29.1.2016,Gold,0.0809,Mandalay,
0034/2013,"Phwint Phyo Thit Co.,Ltd",production,,50:50,6.2.2013,5.2.2016,Gold,0.0809,Mandalay,
0035/2013,"Phwint Phyo Thit Co.,Ltd",production,,50:50,6.2.2013,5.2.2016,Gold,0.0809,Mandalay,
0072/2013,"Myanmar Shwe Toe Pwar Mann Mining Co.,Ltd",production,,50:50,3.4.2013,2.4.2015,Gold,0.0809,Mandalay,
0093/2013,"Shwe Mi Khin Taung Mining Co.,Ltd",production,,50:50,3.4.2013,2.4.2016,Gold,0.0809,Mandalay,
0074/2014,"Yadanar Tha Khin Mining Co.,Ltd",production,,50:50,28.2.2014,27.2.2016,Gold,0.0809,Mandalay,
0171/2014,"Yadanar Aung Taw Mu Mining Co., Ltd.",production,,50:50,20.3.2014,19.3.2016,Gold,0.0809,Mandalay,
0172/2014,"Yadanar Aung Taw Mu Mining Co., Ltd.",production,,50:50,20.3.2014,19.3.2016,Gold,0.0809,Mandalay,
0173/2014,"Yadanar Aung Taw Mu Mining Co., Ltd.",production,,50:50,20.3.2014,19.3.2016,Gold,0.0809,Mandalay,
0174/2014,"Yadanar Aung Taw Mu Mining Co., Ltd.",production,,50:50,20.3.2014,19.3.2016,Gold,0.0809,Mandalay,
0028/2015,Myanmar Economic Holding Ltd,production,,50:50,28.1.2015,27.1.2016,Gold,0.0809,Mandalay,
0029/2015,Myanmar Economic Holding Ltd,production,,50:50,28.1.2015,27.1.2016,Gold,0.0809,Mandalay,
0030/2015,Myanmar Economic Holding Ltd,production,,50:50,28.1.2015,27.1.2016,Gold,0.0809,Mandalay,
0031/2015,Myanmar Economic Holding Ltd,production,,50:50,28.1.2015,27.1.2016,Gold,0.0809,Mandalay,
0032/2015,Myanmar Economic Holding Ltd,production,,50:50,28.1.2015,27.1.2016,Gold,0.0809,Mandalay,
0033/2015,Myanmar Economic Holding Ltd,production,,50:50,28.1.2015,27.1.2016,Gold,0.0809,Mandalay,
0034/2015,Myanmar Economic Holding Ltd,production,,50:50,28.1.2015,27.1.2016,Gold,0.0809,Mandalay,
0035/2015,Myanmar Economic Holding Ltd,production,,50:50,28.1.2015,27.1.2016,Gold,0.0809,Mandalay,
0036/2015,Myanmar Economic Holding Ltd,production,,50:50,28.1.2015,27.1.2016,Gold,0.0809,Mandalay,
0037/2015,Myanmar Economic Holding Ltd,production,,50:50,28.1.2015,27.1.2016,Gold,0.0809,Mandalay,
0038/2015,Myanmar Economic Holding Ltd,production,,50:50,28.1.2015,27.1.2016,Gold,0.0809,Mandalay,
0039/2015,Myanmar Economic Holding Ltd,production,,50:50,28.1.2015,27.1.2016,Gold,0.0809,Mandalay,
0040/2015,Myanmar Economic Holding Ltd,production,,50:50,28.1.2015,27.1.2016,Gold,0.0809,Mandalay,
0041/2015,Myanmar Economic Holding Ltd,production,,50:50,28.1.2015,27.1.2016,Gold,0.0809,Mandalay,
0042/2015,Myanmar Economic Holding Ltd,production,,50:50,28.1.2015,27.1.2016,Gold,0.0809,Mandalay,
0043/2015,Myanmar Economic Holding Ltd,production,,50:50,28.1.2015,27.1.2016,Gold,0.0809,Mandalay,
0044/2015,Myanmar Economic Holding Ltd,production,,50:50,28.1.2015,27.1.2016,Gold,0.0809,Mandalay,
0045/2015,Myanmar Economic Holding Ltd,production,,50:50,28.1.2015,27.1.2016,Gold,0.0809,Mandalay,
0190/2014,"Yadanar Moe Myay Mining Co., Ltd",production,,50:50,6.6.2014,5.6.2015,Gold,0.0809,Mandalay,
0191/2014,"Yadanar Moe Myay Mining Co., Ltd",production,,50:50,6.6.2014,5.6.2015,Gold,0.0809,Mandalay,
0192/2014,"Yadanar Moe Myay Mining Co., Ltd",production,,50:50,6.6.2014,5.6.2015,Gold,0.0809,Mandalay,
0036/2008,"Myauk Kyunn Thu Ma Ma Mining & Refinery Co., Ltd",production,,50:50,1.12.2008,30.11.2015,Gold,0.0809,Mandalay,
0302/2009,"Myauk Kyunn Thu Ma Ma Mining & Refinery Co., Ltd",production,,50:50,1.12.2009,30.11.2015,Gold,0.0809,Mandalay,
0305/2009,"Myauk Kyunn Thu Ma Ma Mining & Refinery Co., Ltd",production,,50:50,1.12.2009,30.11.2015,Gold,0.0809,Mandalay,
0306/2009,"Myauk Kyunn Thu Ma Ma Mining & Refinery Co., Ltd",production,,50:50,1.12.2009,30.11.2015,Gold,0.0809,Mandalay,
0087/2012,"Htoon Shwe Sin Mining Co., Ltd.",production,,50:50,27.4.2012,26.4.2015,Gold,0.0809,Mandalay,
0088/2012,"Htoon Shwe Sin Mining Co., Ltd.",production,,50:50,27.4.2012,26.4.2015,Gold,0.0809,Mandalay,
0089/2012,"Htoon Shwe Sin Mining Co., Ltd.",production,,50:50,27.4.2012,26.4.2015,Gold,0.0809,Mandalay,
0134/2012,"Htoon Shwe Sin Mining Co., Ltd.",production,,50:50,20.8.2012,19.8.2015,Gold,0.0809,Mandalay,
0135/2012,"Htoon Shwe Sin Mining Co., Ltd.",production,,50:50,20.8.2012,19.8.2015,Gold,0.0809,Mandalay,
0295/2009,"Htat Yee Linn Mining & Refinery Co., Ltd",production,,50:50,1.12.2009,30.11.2015,Gold,0.0809,Mandalay,
0296/2009,"Htat Yee Linn Mining & Refinery Co., Ltd",production,,50:50,1.12.2009,30.11.2015,Gold,0.0809,Mandalay,
0297/2009,"Htat Yee Linn Mining & Refinery Co., Ltd",production,,50:50,1.12.2009,30.11.2015,Gold,0.0809,Mandalay,
0298/2009,"Htat Yee Linn Mining & Refinery Co., Ltd",production,,50:50,1.12.2009,30.11.2015,Gold,0.0809,Mandalay,
0299/2009,"Htat Yee Linn Mining & Refinery Co., Ltd",production,,50:50,1.12.2009,30.11.2015,Gold,0.0809,Mandalay,
0300/2009,"Htat Yee Linn Mining & Refinery Co., Ltd",production,,50:50,1.12.2009,30.11.2015,Gold,0.0809,Mandalay,
0077/2011,"Htat Yee Linn Mining & Refinery Co., Ltd",production,,50:50,18.1.2011,17.1.2016,Gold,0.0809,Mandalay,
0303/2009,"Aung Htun Linn Shein Win Mining & Refinery Co., Ltd",production,,50:50,1.12.2009,30.11.2015,Gold,0.0809,Mandalay,
0304/2009,"Aung Htun Linn Shein Win Mining & Refinery Co., Ltd",production,,50:50,1.12.2009,30.11.2015,Gold,0.0809,Mandalay,
0279/2011,"Aung Htun Linn Shein Win Mining & Refinery Co., Ltd",production,,50:50,24.3.2011,23.3.2016,Gold,0.0809,Mandalay,
0280/2011,"Aung Htun Linn Shein Win Mining & Refinery Co., Ltd",production,,50:50,24.3.2011,23.3.2016,Gold,0.0809,Mandalay,
0281/2011,"Aung Htun Linn Shein Win Mining & Refinery Co., Ltd",production,,50:50,24.3.2011,23.3.2016,Gold,0.0809,Mandalay,
0282/2011,"Aung Htun Linn Shein Win Mining & Refinery Co., Ltd",production,,50:50,24.3.2011,23.3.2016,Gold,0.0809,Mandalay,
0097/2009,"For Luck International Co., Ltd.",production,,50:50,14.7.2009,13.7.2015,Gold,0.0809,Mandalay,
0156/2099,"Shwe Taung Nyunt Co., Ltd.",production,,50:50,4.9.2009,3.9.2015,Gold,0.0809,Mandalay,
0617/2010,"Shwe Taung Nyunt Co., Ltd.",production,,50:50,29.9.2010,28.9.2015,Gold,0.0809,Mandalay,
0618/2010,"Shwe Taung Nyunt Co., Ltd.",production,,50:50,29.9.2010,28.9.2015,Gold,0.0809,Mandalay,
0202/2012,"Shwe Taung Nyunt Co., Ltd.",production,,50:50,22.10.2012,21.10.2015,Gold,0.0809,Mandalay,
0048/2009,"Pyi Sone Aung Mining Co., Ltd.",production,,50:50,13.3.2009,12.3.2016,Gold,0.0809,Mandalay,
0094/2012,"Pyi Sone Aung Mining Co., Ltd.",production,,50:50,27.4.2012,26.4.2015,Gold,0.0809,Mandalay,
0095/2012,"Pyi Sone Aung Mining Co., Ltd.",production,,50:50,27.4.2012,26.4.2015,Gold,0.0809,Mandalay,
0096/2012,"Pyi Sone Aung Mining Co., Ltd.",production,,50:50,27.4.2012,26.4.2015,Gold,0.0809,Mandalay,
0386/2011,"Pyi Sone Aung Mining Co., Ltd.",production,,50:50,1.12.2011,30.11.2015,Gold,0.0809,Mandalay,
0387/2011,"Pyi Sone Aung Mining Co., Ltd.",production,,50:50,1.12.2011,30.11.2015,Gold,0.0809,Mandalay,
0011/2012,"Pyi Sone Aung Mining Co., Ltd.",production,,50:50,3.2.2012,2.2.2016,Gold,0.0809,Mandalay,
0115/2012,"Pyi Sone Aung Mining Co., Ltd.",production,,50:50,28.6.2012,27.6.2015,Gold,0.0809,Mandalay,
0116/2012,"Pyi Sone Aung Mining Co., Ltd.",production,,50:50,28.6.2012,27.6.2015,Gold,0.0809,Mandalay,
0117/2012,"Pyi Sone Aung Mining Co., Ltd.",production,,50:50,28.6.2012,27.6.2015,Gold,0.0809,Mandalay,
0098/2009,"Yadanar Shwe Yee Win Mining Co., Ltd.",production,,50:50,14.7.2009,13.7.2015,Gold,0.0809,Mandalay,
0099/2009,"Yadanar Shwe Yee Win Mining Co., Ltd.",production,,50:50,14.7.2009,13.7.2015,Gold,0.0809,Mandalay,
0070/2011,"Theiddi Aung Shwe Moe Mining Co., Ltd",production,,50:50,18.1.2011,17.1.2016,Gold,0.0809,Mandalay,
0074/2011,"Theiddi Aung Shwe Moe Mining Co., Ltd",production,,50:50,18.1.2011,17.1.2016,Gold,0.0809,Mandalay,
0160/2011,"Myanmar Golden Point Family Co., Ltd.",production,,50:50,7.2.2011,6.2.2016,Gold,0.0809,Mandalay,
0209/2014,"Shwe Taung Nyunt Co., Ltd.",production,,50:50,17.7.2014,16.7.2015,Gold,0.0809,Mandalay,
0619/2010,"Aung La Pyae Co., Ltd",production,,50:50,29.9.2010,28.9.2015,Gold,0.0809,Mandalay,
0621/2010,"Aung La Pyae Co., Ltd",production,,50:50,29.9.2010,28.9.2015,Gold,0.0809,Mandalay,
0210/2014,"Aung La Pyae Co., Ltd",production,,50:50,17.7.2014,16.7.2015,Gold,0.0809,Mandalay,
0634/2010,"Aung Ko Thu Mining Co., Ltd.",production,,50:50,29.9.2010,28.9.2015,Gold,0.0809,Mandalay,
0840/2010,"Tun Thiri Yadanar Mining Co., Ltd.",production,,50:50,24.12.2010,23.12.2015,Gold,0.0809,Mandalay,
0841/2010,"Tun Thiri Yadanar Mining Co., Ltd.",production,,50:50,24.12.2010,23.12.2015,Gold,0.0809,Mandalay,
0842/2010,"Yadanar Pyae Phyo Aung Mining Co., Ltd.",production,,50:50,24.12.2010,23.12.2015,Gold,0.0809,Mandalay,
0879/2010,"Yadanar Zayar Mining & Manufacturing Co., Ltd.",production,,50:50,24.12.2010,23.12.2015,Gold,0.0809,Mandalay,
0278/2011,"Shwe Thant Oo Co., Ltd.",production,,50:50,24.3.2011,23.3.2016,Gold,0.0809,Mandalay,
0196/2010,"Pyi Thar Naing Co., Ltd.",production,,50:50,25.2.2010,24.2.2016,Gold,0.0809,Mandalay,
0197/2010,"Pyi Thar Naing Co., Ltd.",production,,50:50,25.2.2010,24.2.2016,Gold,0.0809,Mandalay,
0230/2011,"Eternal Mining Co., Ltd",production,,50:50,25.2.2010,24.2.2016,Gold,0.0809,Mandalay,
0044/2012,"For Luck International Co., Ltd.",production,,50:50,10.2.2012,9.2.2016,Gold,0.0809,Mandalay,
0069/2012,"Yadanar Shwe Poun Mining  Co., Ltd.",production,,50:50,15.2.2012,14.2.2016,Gold,0.0809,Mandalay,
0074/2012,"Yadanar Shwe Poun Mining  Co., Ltd.",production,,50:50,15.2.2012,14.2.2016,Gold,0.0809,Mandalay,
0075/2012,"Htoon Shwe Sin Mining Co., Ltd.",production,,50:50,15.2.2012,14.2.2016,Gold,0.0809,Mandalay,
0076/2012,"Yadanar Shwe Pone  Co., Ltd.",production,,50:50,15.2.2012,14.2.2016,Gold,0.0809,Mandalay,
0077/2012,"Yadanar Shwe Pone  Co., Ltd.",production,,50:50,15.2.2012,14.2.2016,Gold,0.0809,Mandalay,
0026/2013,"Yadanar Shwe Pone  Co., Ltd.",production,,50:50,13.2.2013,12.2.2016,Gold,0.0809,Mandalay,
0027/2013,"Yadanar Shwe Pone  Co., Ltd.",production,,50:50,13.2.2013,12.2.2016,Gold,0.0809,Mandalay,
0277/2011,"Naing Myint Mo Co., Ltd",production,,50:50,24.3.2011,23.3.2016,Gold,0.0809,Mandalay,
0090/2012,"Shwe La Win Co., Ltd.",production,,50:50,27.4.2012,26.4.2015,Gold,0.0809,Mandalay,
0091/2012,"Shwe La Win Co., Ltd.",production,,50:50,27.4.2012,26.4.2015,Gold,0.0809,Mandalay,
0092/2012,"Thein Than Kywe Wa Mining Co., Ltd",production,,50:50,27.4.2012,26.4.2015,Gold,0.0809,Mandalay,
0093/2012,"Tha Pyay Aung (Mogoke) Co., Ltd.",production,,50:50,27.4.2012,26.4.2015,Gold,0.0809,Mandalay,
0164/2012,"Myanmar Yadanar Aung Zabu MiningCo.,Ltd",production,,50:50,5.9.2012,4.9.2015,Gold,0.0809,Mandalay,
0082/2013,"Mandalar Myint Family Industrial Co., Ltd",production,,50:50,22.4.2013,21.4.2015,Gold,0.0809,Mandalay,
0107/2013,"Mandalar Myint Family Industrial Co., Ltd",production,,50:50,22.4.2013,21.4.2015,Gold,0.0809,Mandalay,
0091/2013,"May Po Mining Co., Ltd",production,,50:50,9.5.2013,8.5.2015,Gold,0.0809,Mandalay,
0120/2014,"Star Blue Co.,Ltd",production,,50:50,26.3.2014,25.3.2015,Gold,0.0809,Mandalay,
0817/2014,"Aung Shwe Htun Co., Ltd. ",production,,50:50,6.6.2014,5.6..2015,Gold,0.0809,Mandalay,
0211/2014,"Tun Thiri Yadanar Mining Co., Ltd.",production,,50:50,24.7.2014,23.7.2015,Gold,0.0809,Mandalay,
0212/2014,"Tun Thiri Yadanar Mining Co., Ltd.",production,,50:50,24.7.2014,23.7.2015,Gold,0.0809,Mandalay,
0013/2014,"Tun Thiri Yadanar Mining Co., Ltd.",production,,50:50,24.7.2014,23.7.2015,Gold,0.0809,Mandalay,
0221/2014,"Han Lin Star Co., Ltd.",production,,50:50,19.8.2014,18.8.2015,Gold,0.0809,Mandalay,
0220/2014,"Ngwe Hnin Khaing Co.,Ltd",production,,50:50,19.8.2014,18.8.2015,Gold,0.0809,Mandalay,
0286/2014,"Hein Htoo Sit Development Co.,Ltd",production,,50:50,3.12.2014,2.12.2015,Gold,0.0809,Mandalay,
0251/2014,"Htoon Shwe Sin Mining Co., Ltd.",production,,50:50,24.9.2014,23.9.2015,Gold,0.0809,Mandalay,
0252/2014,"Htoon Shwe Sin Mining Co., Ltd.",production,,50:50,24.9.2014,23.9.2015,Gold,0.0809,Mandalay,
0295/2014,"Yarzamin Shwe Mining Co.,Ltd",production,,50:50,17.12.2014,16.12.2015,Gold,0.0809,Mandalay,
0070/2015,"Shwe Taung Nyunt Co., Ltd.",production,,50:50,12.3.2015,11.3.2016,Gold,0.0809,Mandalay,
0075/2014,"Htoon Shwe Sin Mining Co., Ltd.",production,,50:50,18.3.2014,17.3.2016,Gold,0.0809,Mandalay,
0076/2015,"Htoon Shwe Sin Mining Co., Ltd.",production,,50:50,18.3.2015,17.3.2016,Gold,0.0809,Mandalay,
0209/2012,"Kathe Kwin Mining Co., Ltd",production,,50:50,12.7.2012,11.7.2015,Gold,0.0809,Mandalay,
0073/2009,"Sann Shwe Pyi Gold & Mining Co., Ltd",production,,50:50,27.5.2009,26.5.2015,Gold,0.0809,Mandalay,
0074/2009,"Sann Shwe Pyi Gold & Mining Co., Ltd",production,,50:50,27.5.2009,26.5.2015,Gold,0.0809,Mandalay,
0087/2009,"Sann Shwe Pyi Gold & Mining Co., Ltd",production,,50:50,27.5.2009,26.5.2015,Gold,0.0809,Mandalay,
0037/2011,"Yadanar Kadae Thaik Co., Ltd",production,,50:50,18.1.2011,17.1.2016,Gold,0.0809,Mandalay,
0154/2012,"Shwe Shwe Lee Mining Co.,Ltd",production,,50:50,5.9.2012,4.9.2015,Gold,0.0809,Mandalay,
0155/2012,"Shwe Shwe Lee Mining Co.,Ltd",production,,50:50,5.9.2012,4.9.2015,Gold,0.0809,Mandalay,
0156/2012,"Shwe Shwe Lee Mining Co.,Ltd",production,,50:50,5.9.2012,4.9.2015,Gold,0.0809,Mandalay,
0157/2012,"Shwe Shwe Lee Mining Co.,Ltd",production,,50:50,5.9.2012,4.9.2015,Gold,0.0809,Mandalay,
0151/2012,"Shwe Shwe Lee Mining Co.,Ltd",production,,50:50,5.9.2012,4.9.2015,Gold,0.0809,Mandalay,
0152/2012,"Shwe Shwe Lee Mining Co.,Ltd",production,,50:50,5.9.2012,4.9.2015,Gold,0.0809,Mandalay,
0153/2012,"Shwe Shwe Lee Mining Co.,Ltd",production,,50:50,5.9.2012,4.9.2015,Gold,0.0809,Mandalay,
0266/2014,"Shwe Shwe Lee Mining Co.,Ltd",production,,50:50,15.10.2014,14.10.2015,Gold,0.0809,Mandalay,
0087/2014,"Pyi Htaung Su Thar Co., Ltd",production,,50:50,4.3.2014,3.3.2016,Gold,0.0809,Mandalay,
0088/2014,"Pyi Htaung Su Thar Co., Ltd",production,,50:50,4.3.2014,3.3.2016,Gold,0.0809,Mandalay,
0089/2014,"Pyi Htaung Su Thar Co., Ltd",production,,50:50,4.3.2014,3.3.2016,Gold,0.0809,Mandalay,
0108/2014,"Moehti Moemi Collective Small Scale Gold 
Production Entrepreneurs Co., Ltd",production,,50:50,26.3.2014,25.3.2016,Gold,0.0809,Mandalay,
0109/2014,"Moehti Moemi Collective Small Scale Gold 
Production Entrepreneurs Co., Ltd",production,,50:50,26.3.2014,25.3.2016,Gold,0.0809,Mandalay,
0110/2014,"Moehti Moemi Collective Small Scale Gold 
Production Entrepreneurs Co., Ltd",production,,50:50,26.3.2014,25.3.2016,Gold,0.0809,Mandalay,
0111/2014,"Moehti Moemi Collective Small Scale Gold 
Production Entrepreneurs Co., Ltd",production,,50:50,26.3.2014,25.3.2016,Gold,0.0809,Mandalay,
0112/2014,"Moehti Moemi Collective Small Scale Gold 
Production Entrepreneurs Co., Ltd",production,,50:50,26.3.2014,25.3.2016,Gold,0.0809,Mandalay,
0163/2014,"Ruby Dragon Mining Co.,Ltd.",production,,50:50,28.5.2014,27.5.2015,Gold,0.0809,Mandalay,
0164/2014,"Ruby Dragon Mining Co.,Ltd.",production,,50:50,28.5.2014,27.5.2015,Gold,0.0809,Mandalay,
0165/2014,"Ruby Dragon Mining Co.,Ltd.",production,,50:50,28.5.2014,27.5.2015,Gold,0.0809,Mandalay,
0166/2014,"Ruby Dragon Mining Co.,Ltd.",production,,50:50,28.5.2014,27.5.2015,Gold,0.0809,Mandalay,
0167/2014,"Ruby Dragon Mining Co.,Ltd.",production,,50:50,28.5.2014,27.5.2015,Gold,0.0809,Mandalay,
0168/2014,"Ruby Dragon Mining Co.,Ltd.",production,,50:50,28.5.2014,27.5.2015,Gold,0.0809,Mandalay,
0169/2014,"Ruby Dragon Mining Co.,Ltd.",production,,50:50,28.5.2014,27.5.2015,Gold,0.0809,Mandalay,
0170/2014,"Ruby Dragon Mining Co.,Ltd.",production,,50:50,28.5.2014,27.5.2015,Gold,0.0809,Mandalay,
0253/2014,"Myauk Kyunn Thu Ma Ma Mining & Refinery Co., Ltd",production,,50:50,24.9.2014,23.9.2015,Gold,0.0809,Mandalay,
0254/2014,"Myauk Kyunn Thu Ma Ma Mining & Refinery Co., Ltd",production,,50:50,24.9.2014,23.9.2015,Gold,0.0809,Mandalay,
0023/2015,"Myanmar Shwe Pyi Hein Co., Ltd.",production,,50:50,21.1.2015,20.1.2016,Gold,0.0809,Mon,
0145/2012,"Shwe Gar Kyi Co.,Ltd",production,,50:50,20.8.2012,19.8.2015,Gold,0.0809,Mon,
0103/2013,"Tun Hein Hylan Co., Ltd.",production,,50:50,12.3.2013,11.3.2016,Gold,0.0809,Mon,
0150/2008,"Shwe Ninn Hmone Co.,Ltd",production,,50:50,3.7.2008,2.7.2015,Gold,0.0809,shan,
0230/2010,"Myanmar Ruby Interprise Gems & Jewellery Co., Ltd.",production,,50:50,9.4.2010,8.4.2015,Gold,0.0809,shan,
0231/2010,"Myanmar Ruby Interprise Gems & Jewellery Co., Ltd.",production,,50:50,9.4.2010,8.4.2015,Gold,0.0809,shan,
0329/2009,"Red Moundain Production Co.,Ltd",production,,50:50,29.12.2009,28.12.2015,Gold,0.0809,shan,
0330/2009,"Red Moundain Production Co.,Ltd",production,,50:50,29.12.2009,28.12.2015,Gold,0.0809,shan,
0173/2013,"Ngwe Taung Min  Co., Ltd",production,,50:50,30.8.2013,29.8.2015,Gold,0.0809,shan,
0085/2013,"Phyaungt Phyu Pyaw Shwin Co., Ltd",production,,50:50,7.3.2013,6.3.2016,Gold,0.0809,shan,
0069/2013,"Shwe Nadi Myat Mining Co.,Ltd",production,,50:50,7.3.2013,6.3.2016,Gold,0.0809,shan,
0108/2012,"Lin Hlyan Htet Mining Co., Ltd",production,,50:50,22.5.2012,21.5.2015,Gold,0.0809,shan,
0122/2013,"Lin Hlyan Htet Mining Co., Ltd",production,,50:50,11.6.2013,10.6.2015,Gold,0.0809,shan,
0117/2013,"Aung Woon Nay Co.,Ltd",production,,50:50,19.6.2013,18.6.2015,Gold,0.0809,shan,
0118/2013,"Aung Woon Nay Co.,Ltd",production,,50:50,19.6.2013,18.6.2015,Gold,0.0809,shan,
0034/2014,"LaHu Brothers Mining Co.,Ltd",production,,50:50,15.1.2014,14.1.2016,Gold,0.0809,shan,
0049/2014,"Shwe Kyaing Tone Co.,Ltd",production,,50:50,28.1.2015,27.1.2016,Gold,0.0809,shan,
0048/2014,"Ngwe Taung Min  Co., Ltd",production,,50:50,28.1.2015,27.1.2016,Gold,0.0809,shan,
0079/2014,"Sai Agreculture Investment Co., Ltd",production,,50:50,4.3.2014,3.3.2015,Gold,0.0809,shan,
0080/2014,"Sai Agreculture Investment Co., Ltd",production,,50:50,4.3.2014,3.3.2015,Gold,0.0809,shan,
0289/2014,"Lin Hlyan Htet Mining Co., Ltd",production,,50:50,10.12.2014,9.12.2015,Gold,0.0809,shan,
0282/2014,"Taing Chit Min Co.,Ltd",production,,50:50,26.11.2014,25.11.2015,Gold,0.0809,shan,
0283/2014,"Taing Chit Min Co.,Ltd",production,,50:50,26.11.2014,25.11.2015,Gold,0.0809,shan,
0306/2014,"Wai Tel Mining Co., Ltd.",production,,50:50,30.12.2014,30.12.2015,Gold,0.0809,shan,
0308/2014,"Tarchilate Rock Stone Co.,Ltd",production,,50:50,30.12.2014,30.12.2015,Gold,0.0809,shan,
0309/2014,"Tarchilate Rock Stone Co.,Ltd",production,,50:50,10.12.2014,9.12.2015,Gold,0.0809,shan,
0027/2015,"Shwe Htoo San Co.,Ltd",production,,50:50,28.1.2015,27.1.2016,Gold,0.0809,shan,
0053/2015,"Myint Oo Aung Co., Ltd.",production,,50:50,4.2.2015,3.2.2016,Gold,0.0809,shan,
0073/2015,"Hein Mytta Co., Ltd.",production,,50:50,12.3.2015,11.3.2016,Gold,0.0809,shan,
0074/2015,"Hein Mytta Co., Ltd.",production,,50:50,12.3.2015,11.3.2016,Gold,0.0809,shan,
0071/2015,"Mega Banner Co., Ltd.",production,,50:50,12.3.2015,11.3.2016,Gold,0.0809,shan,
0072/2015,"Mega Banner Co., Ltd.",production,,50:50,12.3.2015,11.3.2016,Gold,0.0809,shan,
0211/2011,"Hein Kaung Sat Mining Co., Ltd.",production,,50:50,25.2.2011,24.2.2016,Gold,0.0809,shan,
0212/2011,"Double Dragon Co., Ltd.",production,,50:50,25.2.2011,24.2.2016,Gold,0.0809,shan,
0237/2014,"Double Dragon Co., Ltd.",production,,50:50,3.9.2014,2.9.22015,Gold,0.0809,shan,
0164/2013,"Certain Manual Introduction Co.,Ltd",production,,50:50,18.9.2013,17.9.2015,Gold,0.0809,shan,
0039/2014,"Thit Sar Pan Gems  & Jewellery Co.,Ltd",production,,50:50,10.10.2014,9.10.2015,Gold,0.0809,shan,
0040/2014,"Dana Theidi Star Gems & Jewellery Co.,Ltd",production,,50:50,10.10.2014,9.10.2015,Gold,0.0809,shan,
0086/2007,"Eternal Mining Co., Ltd",production,,40:60,1.8.2007,31.7.2032,Gold,6.04,Sagaing,
19/1998,"Myanmar Golden Point Family Co., Ltd.",production,,37:63,15.10.1998,14.10.2018,Gold,21.85,Mandalay,
0051/2011,National Prosperity Gold Production Group Ltd.,production,,"Piece-rate
system",16.9.2011,15.9.2036,Gold,24.71,Mandalay,
0052/2011,"Shwe Moe Yan  Co., Ltd.",production,,"Piece-rate
system",16.9.2011,15.9.2036,Gold,34.34,Mandalay,
0002/2012,"Geo Asia Industrial and Mining Co., Ltd.",production,,"Piece-rate
system",3.12.2011,2.12.2036,Gold,27.22,Mandalay+shan,