Code/Ref,License holder,Company_Name_cl,Type of License,License_type_cl,Date of award,Award_date_cl,Expiry date,Expiry_date_cl,Commodity,Commodity_cl,Area (Km2),Area_km2_cl,Location (Region),Coordinates of the license area
0359/2011,"Harbaw Star Mining Co., Ltd. (Aung KyoKyer)","Harbaw Star Mining Co., Ltd. (Aung KyoKyer)",Production Sharing (Small Scale),Production Sharing (Small Scale),2014-03-29T00:00:00Z,2014-03-29,2015-03-28T00:00:00Z,2015-03-28,lead Ore,Lead Ore,49.5,49.5,Bawsaing Region Shan State ,93 /C 11 M
0142/2008,"Myanmar Apex (Panwa) Mining Co., Ltd.","Myanmar Apex (Panwa) Mining Co., Ltd.",Production Sharing (Small Scale),Production Sharing (Small Scale),2014-06-29T00:00:00Z,2014-06-29,2015-06-29T00:00:00Z,2015-06-29,Lead and Zinc associated mineral,Lead and Zinc Associated,49.5,49.5,"Building 39, Room 01 3rd Flood, United Comdo, Alanpae Pagado Road,Dagon  Township, Yangon",92 K/9NZ
0143/2008,,"Myanmar Apex (Panwa) Mining Co., Ltd.",,Production Sharing (Small Scale),2014-06-29T00:00:00Z,2014-06-29,2015-06-29T00:00:00Z,2015-06-29,,Lead and Zinc Associated,49.5,49.5,,92 K/9NZ
0144/2008,,"Myanmar Apex (Panwa) Mining Co., Ltd.",,Production Sharing (Small Scale),2014-06-29T00:00:00Z,2014-06-29,2015-06-29T00:00:00Z,2015-06-29,,Lead and Zinc Associated,49.5,49.5,,92 K/9NZ
0215/2011,"Prince  Manufacturing Co., Ltd.","Prince Manufacturing Co., Ltd.",Production Sharing (Small Scale),Production Sharing (Small Scale),2014-03-18T00:00:00Z,2014-03-18,2015-03-17T00:00:00Z,2015-03-17,Lead and Zinc Ore,Lead and Zinc Ore,49.5,49.5,"No. (7), Room (3) Mingalar street Mingalaroo Block,",93 G/6
0184/2010,"Tun Pa Kyel Mining Co., Ltd.","Tun Pa Kyel Mining Co., Ltd.",Production Sharing (Small Scale),Production Sharing (Small Scale),2014-03-12T00:00:00Z,2014-03-12,2015-03-11T00:00:00Z,2015-03-11,Lead Ore,Lead Ore,49.5,49.5,"No (292), Shwepithar(1) street, Aungmingalar Block, Yamalethin Township, Mandalay",93 D/7 LQ
0185/2010,,"Tun Pa Kyel Mining Co., Ltd.",,Production Sharing (Small Scale),2014-03-12T00:00:00Z,2014-03-12,2015-03-11T00:00:00Z,2015-03-11,,Lead Ore,,,,93 D/7 LQ
0186/2010,,"Tun Pa Kyel Mining Co., Ltd.",,Production Sharing (Small Scale),2014-03-12T00:00:00Z,2014-03-12,2015-03-11T00:00:00Z,2015-03-11,,Lead Ore,,,,93 D/7 LQ
0105/2009,"Sandi Mining Co.,Ltd.","Sandi Mining Co.,Ltd.",Production Sharing (Small Scale),Production Sharing (Small Scale),2014-07-27T00:00:00Z,2014-07-27,2015-07-26T00:00:00Z,2015-07-26,"Lead, associated mineral",Lead Associated,49.5,49.5,"No. (126/12/, 21 Street upper block, Lathar Township, Yangon",93 D/6 LL
0760/2010,"Zabutalu Mining Co.,Ltd.","Zabutalu Mining Co.,Ltd.",Production Sharing (Small Scale),Production Sharing (Small Scale),2014-10-29T00:00:00Z,2014-10-29,2015-10-28T00:00:00Z,2015-10-28,Copper Ore,Copper Ore,49.5,49.5,"No.(314/5), 58 Street 31x32 street,Kandaut Chanayetharzan Township, Mandalay",96 C/6
0761/2010,,"Zabutalu Mining Co.,Ltd.",,Production Sharing (Small Scale),2014-10-29T00:00:00Z,2014-10-29,2015-10-28T00:00:00Z,2015-10-28,,Copper Ore,49.5,49.5,,96 C/6
0762/2010,,"Zabutalu Mining Co.,Ltd.",,Production Sharing (Small Scale),2014-10-29T00:00:00Z,2014-10-29,2015-10-28T00:00:00Z,2015-10-28,,Copper Ore,49.5,49.5,,93 B/4 F
0001/2015,,"Zabutalu Mining Co.,Ltd.",,Production Sharing (Small Scale),2015-01-07T00:00:00Z,2015-01-07,2010-01-06T00:00:00Z,2010-01-06,,Copper Ore,49.5,49.5,,93-B/4&B/8 F
0002/2015,,"Zabutalu Mining Co.,Ltd.",,Production Sharing (Small Scale),2015-01-07T00:00:00Z,2015-01-07,2010-01-06T00:00:00Z,2010-01-06,,Copper Ore,49.5,49.5,,93-B/4&B/8 F
0003/2015,,"Zabutalu Mining Co.,Ltd.",,Production Sharing (Small Scale),2015-01-07T00:00:00Z,2015-01-07,2010-01-06T00:00:00Z,2010-01-06,,Copper Ore,49.5,49.5,,93-B/4&B/8 F
0004/2015,,"Zabutalu Mining Co.,Ltd.",,Production Sharing (Small Scale),2015-01-07T00:00:00Z,2015-01-07,2010-01-06T00:00:00Z,2010-01-06,,Copper Ore,49.5,49.5,,93-B/4&B/8 F
0005/2015,,"Zabutalu Mining Co.,Ltd.",,Production Sharing (Small Scale),2015-01-07T00:00:00Z,2015-01-07,2010-01-06T00:00:00Z,2010-01-06,,Copper Ore,49.5,49.5,,93-B/4&B/8 F
0086/2006,"Shwe Aung Yadanar Mining Co.,Ltd.","Shwe Aung Yadanar Mining Co.,Ltd.",Production Sharing (Small Scale),Production Sharing (Small Scale),,,,,Lead and Zinc associated mineral,Lead and Zinc Associated,49.5,49.5,"No. 1261, Mun Kaung Sar Street Ward-12,Lashion Township, Shan State",93-1/11/P
0075/2007,"Shwe Sapar Mining Co.,Ltd.","Shwe Sapar Mining Co.,Ltd.",Production Sharing (Small Scale),Production Sharing (Small Scale),2014-07-08T00:00:00Z,2014-07-08,2015-07-07T00:00:00Z,2015-07-07,Lead and Zinc associated mineral,Lead and Zinc Associated,49.5,49.5,"N. (10/41)Myi Thit Block,64 street, Chan Mya Thrsi",93 /E 13 SO
0605/2010,,"Shwe Sapar Mining Co.,Ltd.",,Production Sharing (Small Scale),2014-09-09T00:00:00Z,2014-09-09,2015-09-08T00:00:00Z,2015-09-08,,Lead and Zinc Associated,20.0,20.0,,92 G/4
0003/2012,,"Shwe Sapar Mining Co.,Ltd.",,Production Sharing (Small Scale),2014-01-12T00:00:00Z,2014-01-12,2015-02-11T00:00:00Z,2015-02-11,,Lead and Zinc Associated,20.0,20.0,,92 G/4
0004/2012,,"Shwe Sapar Mining Co.,Ltd.",,Production Sharing (Small Scale),2014-01-12T00:00:00Z,2014-01-12,2015-02-11T00:00:00Z,2015-02-11,,Lead and Zinc Associated,20.0,20.0,,92 G/4
0007/2014,,"Shwe Sapar Mining Co.,Ltd.",,Production Sharing (Small Scale),2013-12-30T00:00:00Z,2013-12-30,2016-12-29T00:00:00Z,2016-12-29,,Lead and Zinc Associated,49.5,49.5,,92 G/4
0008/2014,,"Shwe Sapar Mining Co.,Ltd.",,Production Sharing (Small Scale),2013-12-30T00:00:00Z,2013-12-30,2016-12-29T00:00:00Z,2016-12-29,,Lead and Zinc Associated,49.5,49.5,,92 G/4
0009/2014,,"Shwe Sapar Mining Co.,Ltd.",,Production Sharing (Small Scale),2013-12-30T00:00:00Z,2013-12-30,2016-12-29T00:00:00Z,2016-12-29,,Lead and Zinc Associated,49.5,49.5,,92D/16 & 92 H/4
0010/2014,,"Shwe Sapar Mining Co.,Ltd.",,Production Sharing (Small Scale),2013-12-30T00:00:00Z,2013-12-30,2016-12-29T00:00:00Z,2016-12-29,,Lead and Zinc Associated,49.5,49.5,,92D/16 & 92 H/4
0114/2011,"Pyitan Yadanar  Co.,Ltd.","Pyitan Yadanar Co.,Ltd.",Production Sharing (Small Scale),Production Sharing (Small Scale),2014-02-03T00:00:00Z,2014-02-03,2015-02-02T00:00:00Z,2015-02-02,"Copper Ore
",Copper Ore,20.45,20.45,"No. (40), Room (1), Yankin(2) Street, Yankin Township, Yangon.",93 D/13 LM
0115/2011,,"Pyitan Yadanar Co.,Ltd.",,Production Sharing (Small Scale),,,,,,Copper Ore,,,,93 D/13 LM
0097/2010,"Pan Khon Mining Co.,Ltd.","Pan Khon Mining Co.,Ltd.",Production Sharing (Small Scale),Production Sharing (Small Scale),2014-02-11T00:00:00Z,2014-02-11,2015-02-10T00:00:00Z,2015-02-10,Lead associated mineral,Lead Associated,49.5,49.5,"No. (Za 4/7), 8 Block Theinni Street,Lachio Township, Shan State",93 -I/15P
0290/2014,"Shwe Le Great  Mining Co.,Ltd.","Shwe Le Great Mining Co.,Ltd.",Production Sharing (Small Scale),Production Sharing (Small Scale),2014-12-10T00:00:00Z,2014-12-10,2019-12-09T00:00:00Z,2019-12-09,Lead  Ore,Lead Ore,25.0,25.0,"No. (60), HomoBlock, Muse Township, Shan State",93 E/12
0118/2009,,"Shwe Le Great Mining Co.,Ltd.",,Production Sharing (Small Scale),2014-08-21T00:00:00Z,2014-08-21,2015-08-20T00:00:00Z,2015-08-20,,Lead Ore,49.5,49.5,,93 E/12
0765/2010,,"Shwe Le Great Mining Co.,Ltd.",,Production Sharing (Small Scale),2014-10-29T00:00:00Z,2014-10-29,2015-10-28T00:00:00Z,2015-10-28,,Lead Ore,49.5,49.5,,93 E/12
0766/2010,,"Shwe Le Great Mining Co.,Ltd.",,Production Sharing (Small Scale),2014-10-29T00:00:00Z,2014-10-29,2015-10-28T00:00:00Z,2015-10-28,,Lead Ore,49.5,49.5,,93 E/12
0767/2010,,"Shwe Le Great Mining Co.,Ltd.",,Production Sharing (Small Scale),2014-10-29T00:00:00Z,2014-10-29,2015-10-28T00:00:00Z,2015-10-28,,Lead Ore,49.5,49.5,,93 E/12
0193/2014,"Yadanar Tun Mining Co.,Ltd.","Yadanar Tun Mining Co.,Ltd.",Production Sharing (Small Scale),Production Sharing (Small Scale),2014-07-06T00:00:00Z,2014-07-06,2017-07-05T00:00:00Z,2017-07-05,Lead Ore,Lead Ore,49.5,49.5,"No.(84), nearlyLashio Zaygyi, Lashio Township, Shan State",93/ F-9 ST
0122/2009,"Ingyin Shwe Sin Co.,Ltd.","Ingyin Shwe Sin Co.,Ltd.",Production Sharing (Small Scale),Production Sharing (Small Scale),2014-09-04T00:00:00Z,2014-09-04,1900-02-08T04:50:09Z,,"Lead Ore
",Lead Ore,49.5,49.5,"No.(25), Pataut (68), 16 street, Nawaday Housing, Hlaingtharyar Township, Yangon.",93-F/12 H
0123/2009,,"Ingyin Shwe Sin Co.,Ltd.",,Production Sharing (Small Scale),2014-09-04T00:00:00Z,2014-09-04,1900-02-08T04:50:09Z,,,Lead Ore,49.5,49.5,,93-F/12 H
0078/2007,"Sea Sun Star Mining Production & Marketing CO.,Ltd","Sea Sun Star Mining Production & Marketing CO.,Ltd",Production Sharing (Small Scale),Production Sharing (Small Scale),2013-07-11T00:00:00Z,2013-07-11,2014-07-10T00:00:00Z,2014-07-10,Copper Ore,Copper Ore,50.0,50.0,"H-20/23, 66 Pathout War Street, Myothit,  Chanmyatharsi Township, Mandalay",84 M/10 M
0411/2010,,"Sea Sun Star Mining Production & Marketing CO.,Ltd",,Production Sharing (Small Scale),2014-06-30T00:00:00Z,2014-06-30,2015-06-29T00:00:00Z,2015-06-29,,Copper Ore,49.5,49.5,,84 M/10 M
0472/2010,,"Sea Sun Star Mining Production & Marketing CO.,Ltd",,Production Sharing (Small Scale),2014-06-30T00:00:00Z,2014-06-30,2015-06-29T00:00:00Z,2015-06-29,,Copper Ore,49.5,49.5,,84 M/10 M
0175/2012,,"Sea Sun Star Mining Production & Marketing CO.,Ltd",,Production Sharing (Small Scale),2012-09-14T00:00:00Z,2012-09-14,2015-09-13T00:00:00Z,2015-09-13,,Copper Ore,49.5,49.5,,84 M/10 M
0176/2012,,"Sea Sun Star Mining Production & Marketing CO.,Ltd",,Production Sharing (Small Scale),2012-09-14T00:00:00Z,2012-09-14,2015-09-13T00:00:00Z,2015-09-13,,Copper Ore,49.5,49.5,,84 M/10 M
0177/2012,,"Sea Sun Star Mining Production & Marketing CO.,Ltd",,Production Sharing (Small Scale),2012-09-14T00:00:00Z,2012-09-14,2015-09-13T00:00:00Z,2015-09-13,,Copper Ore,49.5,49.5,,84 M/10 M
0178/2012,,"Sea Sun Star Mining Production & Marketing CO.,Ltd",,Production Sharing (Small Scale),2012-09-14T00:00:00Z,2012-09-14,2015-09-13T00:00:00Z,2015-09-13,,Copper Ore,49.5,49.5,,84 M/10 M
0218/2008,"Khar San Co.,Ltd","Khar San Co.,Ltd",Production Sharing (Small Scale),Production Sharing (Small Scale),2014-10-03T00:00:00Z,2014-10-03,2015-10-02T00:00:00Z,2015-10-02,Lead  Ore,Lead Ore,49.5,49.5,"No. (162), 3rd Floors Build no. (10) 48 Street Yangon.",92-L/8P
0219/2008,,"Khar San Co.,Ltd",,Production Sharing (Small Scale),2014-10-03T00:00:00Z,2014-10-03,2015-10-02T00:00:00Z,2015-10-02,,Lead Ore,49.5,49.5,,92-L/8P
0039/2008,"Golden Royal Land   Co.,Ltd.","Golden Royal Land Co.,Ltd.",Production Sharing (Small Scale),Production Sharing (Small Scale),2014-01-24T00:00:00Z,2014-01-24,2015-01-23T00:00:00Z,2015-01-23,Lead  Ore,Lead Ore,49.5,49.5,"No.(Ta-5/34), 63 x64 Street, Zizawar Lane Mtothit, Mandalay",93 /E-11/O
0221/2008,"Myanmar Golden High Land Mining Co.,Ltd.","Myanmar Golden High Land Mining Co.,Ltd.",Production Sharing (Small Scale),Production Sharing (Small Scale),2014-10-03T00:00:00Z,2014-10-03,2015-10-02T00:00:00Z,2015-10-02,Lead and Zinc Ore,Lead and Zinc Ore,49.5,49.5,"No.(18), Kantkaw(1)  Street,(5)Block,Mya Kan Thar Housingm Hlaing Township,Yangon",93 E/10
0239/2009,"Thein Than Mining Co.,Ltd.","Thein Than Mining Co.,Ltd.",Production Sharing (Small Scale),Production Sharing (Small Scale),2014-11-27T00:00:00Z,2014-11-27,2015-11-26T00:00:00Z,2015-11-26,Lead and Zinc Ore,Lead and Zinc Ore,49.5,49.5,"No. (521), Moekyut Street, Industry Zone (1), South Dagon Township, Yangon",93 D-13 LM
0240/2009,,"Thein Than Mining Co.,Ltd.",,Production Sharing (Small Scale),2014-11-27T00:00:00Z,2014-11-27,2015-11-26T00:00:00Z,2015-11-26,,Lead and Zinc Ore,49.5,49.5,,93 D-13 LM
0001/2009,,"Thein Than Mining Co.,Ltd.",,Production Sharing (Small Scale),2015-01-01T00:00:00Z,2015-01-01,2015-01-31T00:00:00Z,2015-01-31,,Lead and Zinc Ore,49.5,49.5,,93 B/7 LB
0023/2010,Kachin Lay Industry Co.Ltd.,Kachin Lay Industry Co.Ltd.,Production Sharing (Small Scale),Production Sharing (Small Scale),2014-01-28T00:00:00Z,2014-01-28,2015-01-27T00:00:00Z,2015-01-27,Lead Ore,Lead Ore,49.5,49.5,"No. (189/B), Thukha Street, (52)Lane,  Hlaing Township, Yangon",93 D/6 LL
0484/2010,"Sun Linn International Export & Import Co.,Ltd","Sun Linn International Export & Import Co.,Ltd",Production Sharing (Small Scale),Production Sharing (Small Scale),2014-08-04T00:00:00Z,2014-08-04,2015-08-03T00:00:00Z,2015-08-03,Lead and Zinc Ore,Lead and Zinc Ore,49.5,49.5,"No. (387),Room (15/17) Shwe Bon Thar Street, Papantan Township, Yangon",92 J/12 LZ
0353/2011,,"Sun Linn International Export & Import Co.,Ltd",,Production Sharing (Small Scale),2014-03-29T00:00:00Z,2014-03-29,2015-03-28T00:00:00Z,2015-03-28,,Lead and Zinc Ore,49.5,49.5,,92 K/6
0354/2011,,"Sun Linn International Export & Import Co.,Ltd",,Production Sharing (Small Scale),2014-01-29T00:00:00Z,2014-01-29,2015-01-28T00:00:00Z,2015-01-28,,Lead and Zinc Ore,49.5,49.5,,92 K/6
0355/2011,,"Sun Linn International Export & Import Co.,Ltd",,Production Sharing (Small Scale),2014-01-29T00:00:00Z,2014-01-29,2015-01-28T00:00:00Z,2015-01-28,,Lead and Zinc Ore,49.5,49.5,,92 K/6
0127/2014,,"Sun Linn International Export & Import Co.,Ltd",,Production Sharing (Small Scale),,,,,,Lead and Zinc Ore,,,,92 K/6
0128/2014,,"Sun Linn International Export & Import Co.,Ltd",,Production Sharing (Small Scale),,,,,,Lead and Zinc Ore,,,,92 K/6
0024/2010,Shan Taung Mining  Co.Ltd.,Shan Taung Mining Co.Ltd.,Production Sharing (Small Scale),Production Sharing (Small Scale),2014-01-29T00:00:00Z,2014-01-29,2015-01-28T00:00:00Z,2015-01-28,Lead Associate Minerals,Lead Associated,49.5,49.5,"No. (257), Myakanthar  Street, NyauntShwe Hawkhone Block, Taungyi Township Shan",93 D/13 LM
0410/2010,"Douhtawady Copper Gold Co.,Ltd.","Douhtawady Copper Gold Co.,Ltd.",Production Sharing (Small Scale),Production Sharing (Small Scale),2014-06-10T00:00:00Z,2014-06-10,2015-06-09T00:00:00Z,2015-06-09,Copper Ore,Copper Ore,49.5,49.5,"Shwepyareai Computer, 22 street, Kannar Street AungMyaytharZan Township, Mandalay",84 M/10
0409/2010,,"Douhtawady Copper Gold Co.,Ltd.",,Production Sharing (Small Scale),2014-06-10T00:00:00Z,2014-06-10,2015-06-09T00:00:00Z,2015-06-09,,Copper Ore,37.0,37.0,,84 M/10
018/2010,"Shwe Lar Taung Co.,Ltd.","Shwe Lar Taung Co.,Ltd.",Production Sharing (Small Scale),Production Sharing (Small Scale),2014-03-05T00:00:00Z,2014-03-05,2015-03-04T00:00:00Z,2015-03-04,Lead Associate Minerals,Lead Associated,49.5,49.5,"No. 62 (1B), Yadanar Thukha Street, Sa/ka Quarter, Thingangyun Township, Yangon",93 C/12 M
0351/2011,"Aye Thitsar Industrial Co.,Ltd","Aye Thitsar Industrial Co.,Ltd",Production Sharing (Small Scale),Production Sharing (Small Scale),2014-03-29T00:00:00Z,2014-03-29,2015-03-28T00:00:00Z,2015-03-28,Lead Ore,Lead Ore,49.5,49.5,"No. (38), Ayetharyar Industry Zone,Taunggyi Township, Shan state",93 D-13 LM
,,"Aye Thitsar Industrial Co.,Ltd",,Production Sharing (Small Scale),2013-02-06T00:00:00Z,2013-02-06,2016-02-05T00:00:00Z,2016-02-05,,Lead Ore,49.5,49.5,,
0022/2013,,"Aye Thitsar Industrial Co.,Ltd",,Production Sharing (Small Scale),,,,,,Lead Ore,,,,93 D-13 LM
0126/2013,"Seven Two Seven Mining Co., Ltd/.","Seven Two Seven Mining Co., Ltd/.",Production Sharing (Small Scale),Production Sharing (Small Scale),2013-07-12T00:00:00Z,2013-07-12,2016-07-11T00:00:00Z,2016-07-11,Copper Associate Minerals,Copper and Associated,49.5,49.5,"No. (12), Thayaphy street, Nandawann Block, Monywa Township, Saging Division",83 P/10 SG 
0141/2014,"Hein Htike Mining Co., Ltd.","Hein Htike Mining Co., Ltd.",Production Sharing (Small Scale),Production Sharing (Small Scale),2014-05-07T00:00:00Z,2014-05-07,6/5/207,2017-05-06,Lead Associate Minerals,Lead Associated,49.5,49.5,"No. (85), (1) Quarter, Chinshwehaw, Conlon Township, Shan State",93 E/7 T
0062/2014,"Sai Wanna Mining Co., Ltd.","Sai Wanna Mining Co., Ltd.",Production Sharing (Small Scale),Production Sharing (Small Scale),2014-01-28T00:00:00Z,2014-01-28,2017-01-27T00:00:00Z,2017-01-27,Lead Associate Minerals,Lead Associated,49.5,49.5,"No. (83), Natsin Street,(4) Block, Kyithon  Townshipm Shan State",93 C/7L
0329/2010,"Lamin Htet Mining Co.,Ltd.","Lamin Htet Mining Co.,Ltd.",Production Sharing (Small Scale),Production Sharing (Small Scale),2014-04-26T00:00:00Z,2014-04-26,2015-04-25T00:00:00Z,2015-04-25,Copper Ore,Copper Ore,49.5,49.5,"No. (35-B), Ooyin  Street, University Yitthar New Street, Bahan Township, Yangon",85 K/14
0330/2010,,"Lamin Htet Mining Co.,Ltd.",,Production Sharing (Small Scale),2014-04-26T00:00:00Z,2014-04-26,2015-04-25T00:00:00Z,2015-04-25,,Copper Ore,49.5,49.5,,85 K/14
0331/2010,,"Lamin Htet Mining Co.,Ltd.",,Production Sharing (Small Scale),2014-04-26T00:00:00Z,2014-04-26,2015-04-25T00:00:00Z,2015-04-25,,Copper Ore,49.5,49.5,,85 K/14
0001/2010,"Myay Nager Mining Co.,Ltd.","Myay Nager Mining Co.,Ltd.",Production Sharing (Small Scale),Production Sharing (Small Scale),2014-01-19T00:00:00Z,2014-01-19,2015-01-18T00:00:00Z,2015-01-18,Lead  Carbonate,Lead Carbonate,49.5,49.5,"Bawsaing region, Kawlaw township",93 D-13 LM
0238/2009,"Zenith Gold Star Mining Co.,Ltd.","Zenith Gold Star Mining Co.,Ltd.",Production Sharing (Small Scale),Production Sharing (Small Scale),,,,,Lead Ore,Lead Ore,,,"Builing D-422, Pyia Road, 9 Mile Thiri Condo  Manyankhone Twn, Yangon",H-9/ N
0362/2011,"Phyo Kywe Myay Mining Vo., Ltd.","Phyo Kywe Myay Mining Vo., Ltd.",Production Sharing (Small Scale),Production Sharing (Small Scale),,,,,Lead Ore,Lead Ore,,,"Building 29, Rm 12, U Wizarya Housing, Dagon Townshiop,Yangon",93 D-13 LM
0363/2011,,"Phyo Kywe Myay Mining Vo., Ltd.",,Production Sharing (Small Scale),,,,,,Lead Ore,,,,93 D-13 LM
0204/2010,"Aung Than Lwin Mining Co.,Ltd.","Aung Than Lwin Mining Co.,Ltd.",Production Sharing (Small Scale),Production Sharing (Small Scale),2014-04-08T00:00:00Z,2014-04-08,2015-04-07T00:00:00Z,2015-04-07,Lead Ore,Lead Ore,49.5,49.5,"No. (72), Bochoke Aung San Street, Kholon Qurter, Khonelon Township Shan State",93 I/11 SP
0203/2010,"Ngwe Htike San Production Co.,Ltd.","Ngwe Htike San Production Co.,Ltd.",Production Sharing (Small Scale),Production Sharing (Small Scale),2014-04-08T00:00:00Z,2014-04-08,2015-04-07T00:00:00Z,2015-04-07,Lead Ore,Lead Ore,48.0,48.0,"No. (61) Ruby Street, Yadanarthiri Block, Taungyi Township, Shan",93 D-13 LM
0771/2010,"Kyai war Mining Co.,Ltd.","Kyai war Mining Co.,Ltd.",Production Sharing (Small Scale),Production Sharing (Small Scale),,,,,Copper Ore,Copper Ore,49.5,49.5,"No. (524/B), Trade Street Kyauktathar Township, Yangon",83 P/11
0772/2010,,"Kyai war Mining Co.,Ltd.",,Production Sharing (Small Scale),,,,,Copper Ore,Copper Ore,40.0,40.0,,83 P/11
0097/2013,,"Kyai war Mining Co.,Ltd.",,Production Sharing (Small Scale),2013-06-11T00:00:00Z,2013-06-11,2016-06-10T00:00:00Z,2016-06-10,Lead Associate Minerals,Lead Associated,49.5,49.5,,93 D/6 L
0021/2009,"Ruby Garden Mining Co.,Ltd. ","Ruby Garden Mining Co.,Ltd.",Production Sharing (Small Scale),Production Sharing (Small Scale),2009-02-04T00:00:00Z,2009-02-04,2012-02-03T00:00:00Z,2012-02-03,"Zinc Associate Minerals
",Zinc Associated,50.0,50.0,"Shwe Li Yadanar Si Sat 12 Block, Layyinkwin  Street,Lashio Township, Shan",93 J/11 D
0052/2012,,"Ruby Garden Mining Co.,Ltd.",,Production Sharing (Small Scale),2012-03-08T00:00:00Z,2012-03-08,2015-03-07T00:00:00Z,2015-03-07,,Zinc Associated,49.0,49.0,,93 J/11 D
0053/2012,,"Ruby Garden Mining Co.,Ltd.",,Production Sharing (Small Scale),2012-03-08T00:00:00Z,2012-03-08,2015-03-07T00:00:00Z,2015-03-07,,Zinc Associated,40.0,40.0,,93 J/11 D
0054/2012,,"Ruby Garden Mining Co.,Ltd.",,Production Sharing (Small Scale),2012-03-08T00:00:00Z,2012-03-08,2015-03-07T00:00:00Z,2015-03-07,,Zinc Associated,40.5,40.5,,93 J/11 D
0055/2012,,"Ruby Garden Mining Co.,Ltd.",,Production Sharing (Small Scale),2012-03-08T00:00:00Z,2012-03-08,2015-03-07T00:00:00Z,2015-03-07,,Zinc Associated,41.0,41.0,,93 J/11 D
0056/2012,,"Ruby Garden Mining Co.,Ltd.",,Production Sharing (Small Scale),2012-03-08T00:00:00Z,2012-03-08,2015-03-07T00:00:00Z,2015-03-07,,Zinc Associated,49.5,49.5,,93 J/11 D
0057/2012,,"Ruby Garden Mining Co.,Ltd.",,Production Sharing (Small Scale),2012-03-08T00:00:00Z,2012-03-08,2015-03-07T00:00:00Z,2015-03-07,,Zinc Associated,40.0,40.0,,93 J/11 D
0058/2012,,"Ruby Garden Mining Co.,Ltd.",,Production Sharing (Small Scale),,,,,,Zinc Associated,,,,93 J/11 D
0059/2012,,"Ruby Garden Mining Co.,Ltd.",,Production Sharing (Small Scale),,,,,,Zinc Associated,,,,93 J/11 D
0543/2010,"Su Myat Htun Mining Co.,Ltd.","Su Myat Htun Mining Co.,Ltd.",Production Sharing (Small Scale),Production Sharing (Small Scale),2014-08-20T00:00:00Z,2014-08-20,2015-08-19T00:00:00Z,2015-08-19,Lead and Zinc Associate mineral,Lead and Zinc Associated,49.5,49.5,"No. (117), !st Floor 92 Street, KanEast Mingalartaungnyunt Township, Yangon",93 C/7 L
0356/2011,"Myanmar National Treasure Mining Co.,Ltd.","Myanmar National Treasure Mining Co.,Ltd.",Production Sharing (Small Scale),Production Sharing (Small Scale),2014-03-29T00:00:00Z,2014-03-29,2015-03-28T00:00:00Z,2015-03-28,"Lead and Zinc Associate mineral
",Lead and Zinc Associated,49.5,49.5,"No. (12), 3rd Floor, Thirimingalar street, Maynikhone North Sanchanung Township Yangon.",93 H/6 S
0357/2011,,"Myanmar National Treasure Mining Co.,Ltd.",,Production Sharing (Small Scale),2014-03-29T00:00:00Z,2014-03-29,2015-03-28T00:00:00Z,2015-03-28,,Lead and Zinc Associated,49.5,49.5,,93 H/6 S
0358/2011,,"Myanmar National Treasure Mining Co.,Ltd.",,Production Sharing (Small Scale),2014-03-29T00:00:00Z,2014-03-29,2015-03-28T00:00:00Z,2015-03-28,,Lead and Zinc Associated,49.5,49.5,,93 H/6 S
0250/2011,"New Days Asia  Mining Co.,Ltd.","New Days Asia Mining Co.,Ltd.",Production Sharing (Small Scale),Production Sharing (Small Scale),2014-03-18T00:00:00Z,2014-03-18,2015-03-17T00:00:00Z,2015-03-17,Lead Associate Minerals,Lead Associated,49.5,49.5,"Room (302), No. (30) Sakarwar Street, Dagon Township, Yangon.",93 E/7
0241/2009,,"New Days Asia Mining Co.,Ltd.",,Production Sharing (Small Scale),2014-11-27T00:00:00Z,2014-11-27,2015-11-26T00:00:00Z,2015-11-26,,Lead Associated,49.5,49.5,,93 E/7 & 11
0242/2009,,"New Days Asia Mining Co.,Ltd.",,Production Sharing (Small Scale),2014-11-27T00:00:00Z,2014-11-27,2015-11-26T00:00:00Z,2015-11-26,,Lead Associated,49.5,49.5,,93 E/7 & 11
0243/2009,,"New Days Asia Mining Co.,Ltd.",,Production Sharing (Small Scale),2014-11-27T00:00:00Z,2014-11-27,2015-11-26T00:00:00Z,2015-11-26,,Lead Associated,49.5,49.5,,93 E/7 & 11
0244/2009,,"New Days Asia Mining Co.,Ltd.",,Production Sharing (Small Scale),2014-11-27T00:00:00Z,2014-11-27,2015-11-26T00:00:00Z,2015-11-26,,Lead Associated,49.5,49.5,,93 E/7 & 11
0245/2009,,"New Days Asia Mining Co.,Ltd.",,Production Sharing (Small Scale),2014-11-27T00:00:00Z,2014-11-27,2015-11-26T00:00:00Z,2015-11-26,,Lead Associated,49.5,49.5,,93 E/7 & 11
0352/2011,"Star Rays Mining Co.,Ltd.","Star Rays Mining Co.,Ltd.",Production Sharing (Small Scale),Production Sharing (Small Scale),2014-03-29T00:00:00Z,2014-03-29,2015-03-28T00:00:00Z,2015-03-28,Lead and Zinc Associate Minerals,Lead and Zinc Associated,45.0,45.0,"Yandnar Housing, B-4, Block (405) Mawyagiwar Quarter 75 x76 Street, chan ayetharzan Town, Mandalay",93 B/1
0020/2013,"Myanmar Aung Myay Manufacturing Co.,Ltd.","Myanmar Aung Myay Manufacturing Co.,Ltd.",Production Sharing (Small Scale),Production Sharing (Small Scale),2013-01-02T00:00:00Z,2013-01-02,2016-01-01T00:00:00Z,2016-01-01,Lead Associate Minerals,Lead Associated,45.0,45.0,"No. (141), Yandanarthiri Block, West Myo Pyat street, Taungyi Township, Shan",93 - D/13 LM
0367/2011,"Pyae Lyan Paing Mining Co.,Ltd.","Pyae Lyan Paing Mining Co.,Ltd.",Production Sharing (Small Scale),Production Sharing (Small Scale),2014-09-30T00:00:00Z,2014-09-30,2015-09-29T00:00:00Z,2015-09-29,Lead Associate Minerals,Lead Associated,49.5,49.5,"No. (61), Ruby Street, Yadanarthiri Block, Taungyi Township, Shan",93 - D/13LM
0365/2011,"Shwe Hnin Hmon Mining Co.,Ltd.","Shwe Hnin Hmon Mining Co.,Ltd.",Production Sharing (Small Scale),Production Sharing (Small Scale),2014-09-01T00:00:00Z,2014-09-01,2015-08-31T00:00:00Z,2015-08-31,Copper Associate Minerals,Copper and Associated,49.5,49.5,"No.(84), nearlyLashio Zaygyi, Lashio ",93 E/12 ST
0366/2011,,"Shwe Hnin Hmon Mining Co.,Ltd.",,Production Sharing (Small Scale),2014-09-01T00:00:00Z,2014-09-01,2015-08-31T00:00:00Z,2015-08-31,,Copper and Associated,49.5,49.5,,93 E/12 ST
0183/2010,"Khaing Se Hein Mining Co.,Ltd.","Khaing Se Hein Mining Co.,Ltd.",Production Sharing (Small Scale),Production Sharing (Small Scale),2014-03-12T00:00:00Z,2014-03-12,2014-03-11T00:00:00Z,2014-03-11,Lead Zinc Ore,Lead and Zinc Ore,49.5,49.5,"No(1), Zabumantai Street,Bokannyunt Block, Thingangyun Township, Yangon",93 C/11 M & 93C/12M
0001/2010,"Sun Myanmar Internatioinal Mining Co.,Ltd.","Sun Myanmar Internatioinal Mining Co.,Ltd.",Production Sharing (Small Scale),Production Sharing (Small Scale),2012-01-09T00:00:00Z,2012-01-09,2015-01-08T00:00:00Z,2015-01-08,Lead Ore,Lead Ore,49.5,49.5,"No. (797), Room(504-B) MACTower 11, Bochot AungSan street &Ware Tan Street, Lanmataw Township, Yangon",93 B/10
0002/2012,,"Sun Myanmar Internatioinal Mining Co.,Ltd.",,Production Sharing (Small Scale),2012-01-09T00:00:00Z,2012-01-09,2015-01-08T00:00:00Z,2015-01-08,,Lead Ore,49.5,49.5,,93 I/4 SU
0158/2012,"Shwe Moe Yan Mining Co.,Ltd.","Shwe Moe Yan Mining Co.,Ltd.",Production Sharing (Small Scale),Production Sharing (Small Scale),2012-08-30T00:00:00Z,2012-08-30,2015-08-29T00:00:00Z,2015-08-29,Lead Ore,Lead Ore,49.5,49.5,"No. (11-A), Khaung Street Sanchaung Township, Yangon",93 D/ 13 LM 
0159/2012,,"Shwe Moe Yan Mining Co.,Ltd.",,Production Sharing (Small Scale),2012-08-30T00:00:00Z,2012-08-30,2015-08-29T00:00:00Z,2015-08-29,,Lead Ore,49.5,49.5,,93 D/ 13 LM 
0214/2012,"Lin Seinn Mining Co.,Ltd.","Lin Seinn Mining Co.,Ltd.",Production Sharing (Small Scale),Production Sharing (Small Scale),2012-11-08T00:00:00Z,2012-11-08,2015-11-07T00:00:00Z,2015-11-07,Copper Ore,Copper Ore,49.5,49.5,"No.(84), nearlyLashio Zaygyi, Lashio ",93 E/12 ST
0215/2012,,"Lin Seinn Mining Co.,Ltd.",,Production Sharing (Small Scale),2012-11-08T00:00:00Z,2012-11-08,2015-11-07T00:00:00Z,2015-11-07,,Copper Ore,49.5,49.5,,93 E/12 ST
0216/2012,,"Lin Seinn Mining Co.,Ltd.",,Production Sharing (Small Scale),2012-11-08T00:00:00Z,2012-11-08,2015-11-07T00:00:00Z,2015-11-07,,Copper Ore,49.5,49.5,,93 E/12 ST
0043/2013,"Gabar Thit Mining Co.,Ltd.","Gabar Thit Mining Co.,Ltd.",Production Sharing (Small Scale),Production Sharing (Small Scale),2013-02-13T00:00:00Z,2013-02-13,2016-02-12T00:00:00Z,2016-02-12,Lead Ore,Lead Ore,49.5,49.5,"No. (350), Room (8), Anawyathar Street, Lanmataw Township, Yangon",93 - D/13LM
0044/2013,,"Gabar Thit Mining Co.,Ltd.",,Production Sharing (Small Scale),2013-02-13T00:00:00Z,2013-02-13,2016-02-12T00:00:00Z,2016-02-12,,Lead Ore,49.5,49.5,,93 - D/13LM
0203/2012,"Top Ten Star Production Co.,Ltd.","Top Ten Star Production Co.,Ltd.",Production Sharing (Small Scale),Production Sharing (Small Scale),2012-10-22T00:00:00Z,2012-10-22,2015-10-21T00:00:00Z,2015-10-21,Lead Ore,Lead Ore,49.5,49.5,"No. (8), Lane (6), Mindama Street, Shwe Gabar Housing,  Mayanchone Township, Yangon",93 - D/13LM
0204/2012,,"Top Ten Star Production Co.,Ltd.",,Production Sharing (Small Scale),2012-10-22T00:00:00Z,2012-10-22,2015-10-21T00:00:00Z,2015-10-21,,Lead Ore,42.5,42.5,,93 - D/13LM
0205/2013,,"Top Ten Star Production Co.,Ltd.",,Production Sharing (Small Scale),2012-10-22T00:00:00Z,2012-10-22,2015-10-21T00:00:00Z,2015-10-21,,Lead Ore,47.4,47.4,,93 - D/13LM
0017/2012,,"Top Ten Star Production Co.,Ltd.",,Production Sharing (Small Scale),2012-12-28T00:00:00Z,2012-12-28,2015-12-27T00:00:00Z,2015-12-27,,Lead Ore,49.5,49.5,,93 - D/13LM
0018/2012,,"Top Ten Star Production Co.,Ltd.",,Production Sharing (Small Scale),2012-12-28T00:00:00Z,2012-12-28,2015-12-27T00:00:00Z,2015-12-27,,Lead Ore,49.5,49.5,,93 - D/13LM
0019/2012,,"Top Ten Star Production Co.,Ltd.",,Production Sharing (Small Scale),2012-12-28T00:00:00Z,2012-12-28,2015-12-27T00:00:00Z,2015-12-27,,Lead Ore,19.89,19.89,,93 - D/13LM
0021/2013,,"Top Ten Star Production Co.,Ltd.",,Production Sharing (Small Scale),2013-02-06T00:00:00Z,2013-02-06,2016-02-05T00:00:00Z,2016-02-05,,Lead Ore,49.5,49.5,,93 - D/13LM
0045/2013,,"Top Ten Star Production Co.,Ltd.",,Production Sharing (Small Scale),2013-02-06T00:00:00Z,2013-02-06,2016-02-05T00:00:00Z,2016-02-05,,Lead Ore,49.5,49.5,,93 - D/13LM
0046/2013,,"Top Ten Star Production Co.,Ltd.",,Production Sharing (Small Scale),2014-02-06T00:00:00Z,2014-02-06,2015-02-05T00:00:00Z,2015-02-05,,Lead Ore,49.5,49.5,,93 - D/13LM
0047/2013,,"Top Ten Star Production Co.,Ltd.",,Production Sharing (Small Scale),2014-02-06T00:00:00Z,2014-02-06,2015-02-05T00:00:00Z,2015-02-05,,Lead Ore,49.5,49.5,,93 - D/13LM
0059/2014,"Xie Shan Mining, Production & Marketing Co., Ltd.","Xie Shan Mining, Production & Marketing Co., Ltd.",Production Sharing (Small Scale),Production Sharing (Small Scale),2014-02-13T00:00:00Z,2014-02-13,2017-02-12T00:00:00Z,2017-02-12,Lead Associate Minerals,Lead Associated,47.3,47.3,"H-1. MyaNandar Housing Sagaing Lane, Chan Myatharsi Township Mandalay",93 B/10
0083/2014,"Ngwe Moe Hein Co., Ltd.","Ngwe Moe Hein Co., Ltd.",Production Sharing (Small Scale),Production Sharing (Small Scale),2014-04-12T00:00:00Z,2014-04-12,2017-04-11T00:00:00Z,2017-04-11,Copper Ore,Copper Ore,49.5,49.5,"No. H(202), Block(19,20,21), 57 Street & U Ponnya Street, Industry Zone, Pyigyitachon Township, Mandalay",93 C/6 F
0083/2014,,"Ngwe Moe Hein Co., Ltd.",,Production Sharing (Small Scale),2014-04-12T00:00:00Z,2014-04-12,2017-04-11T00:00:00Z,2017-04-11,,Copper Ore,49.5,49.5,,93 C/6 F
0015/2014,"Hein Naychi  International Mining Co., Ltd.","Hein Naychi International Mining Co., Ltd.",Production Sharing (Small Scale),Production Sharing (Small Scale),2013-12-30T00:00:00Z,2013-12-30,2016-12-29T00:00:00Z,2016-12-29,Lead Ore,Lead Ore,49.5,49.5,"No. (38/32), Kyantie Aung Street, Waeaye Kwin Block, Taunggyi Township, Shan",93 C/16 M
0121/2014,"La Pyae Wun Gold Mining Co., Ltd. ","La Pyae Wun Gold Mining Co., Ltd.",Production Sharing (Small Scale),Production Sharing (Small Scale),2014-04-09T00:00:00Z,2014-04-09,2017-04-08T00:00:00Z,2017-04-08,Lead Zinc Ore,Lead and Zinc Ore,49.5,49.5,"No. (139/1), Thanthumar  Street, Thuwunnam Thingangyun Township, Yangon",92 J/9
0192/2012,"Shwe Pin Thar Co., Ltd.","Shwe Pin Thar Co., Ltd.",Production Sharing (Small Scale),Production Sharing (Small Scale),2012-10-22T00:00:00Z,2012-10-22,2015-10-21T00:00:00Z,2015-10-21,Copper Ore,Copper Ore,49.5,49.5,"No. (Ma/87), North Block Muse Township, Shan",93 C/9
0193/2012,,"Shwe Pin Thar Co., Ltd.",,Production Sharing (Small Scale),2012-10-22T00:00:00Z,2012-10-22,2015-10-21T00:00:00Z,2015-10-21,,Copper Ore,49.5,49.5,,93 C/9
0194/2012,,"Shwe Pin Thar Co., Ltd.",,Production Sharing (Small Scale),2012-10-22T00:00:00Z,2012-10-22,2015-10-21T00:00:00Z,2015-10-21,,Copper Ore,49.5,49.5,,93 C/9
0183/2013,"Trio Core Mining Co., Ltd.","Trio Core Mining Co., Ltd.",Production Sharing (Small Scale),Production Sharing (Small Scale),2013-10-30T00:00:00Z,2013-10-30,2016-10-29T00:00:00Z,2016-10-29,Copper Ore,Copper Ore,49.5,49.5,"No. (195/1)11 Street, 14 Block, South Ookalarpa Township, Yangon.",84 M/10 
0184/2013,,"Trio Core Mining Co., Ltd.",,Production Sharing (Small Scale),,,,,,Copper Ore,49.5,49.5,,84 M/10 
0053/2013,"Great Standard Group Co., Ltd.","Great Standard Group Co., Ltd.",Production Sharing (Small Scale),Production Sharing (Small Scale),2013-03-13T00:00:00Z,2013-03-13,2016-03-12T00:00:00Z,2016-03-12,Copper Ore,Copper Ore,40.0,40.0,"No. 10/38, On the coner of Cherry Street & Khayae Street Chanyatharsi Twon:Mandalay",84 M/9 
0054/2013,,"Great Standard Group Co., Ltd.",,Production Sharing (Small Scale),2013-03-13T00:00:00Z,2013-03-13,2016-03-12T00:00:00Z,2016-03-12,,Copper Ore,45.0,45.0,,84 M/9 
0055/2013,,"Great Standard Group Co., Ltd.",,Production Sharing (Small Scale),2013-03-13T00:00:00Z,2013-03-13,2016-03-12T00:00:00Z,2016-03-12,,Copper Ore,49.5,49.5,,84 M/9 
0123/2013,"Shwe Syun Co., Ltd.","Shwe Syun Co., Ltd.",Production Sharing (Small Scale),Production Sharing (Small Scale),2013-07-12T00:00:00Z,2013-07-12,2016-07-11T00:00:00Z,2016-07-11,Copper,Copper,49.5,49.5,"No. (96-E), Yandanar Bone Street, Aung Myaytharzan Town:Mandalay",92 D/ 3
0124/2013,,"Shwe Syun Co., Ltd.",,Production Sharing (Small Scale),,,,,,Copper,,,,92 D/ 3
0125/2013,,"Shwe Syun Co., Ltd.",,Production Sharing (Small Scale),,,,,,Copper,,,,92 D/ 3
0211/2013,"Aung Nay Lin Co.,Ltd.","Aung Nay Lin Co.,Ltd.",Production Sharing (Small Scale),Production Sharing (Small Scale),12/12/20113,2013-12-12,2016-12-11T00:00:00Z,2016-12-11,Lead Ore,Lead Ore,49.5,49.5,"No.(86), Room (A/4), Kyuntaw Street, San Chanung Township, Yangon",93 - D/13LM
0069/2014,"Sein Chi Lin Mining Co., Ltd.","Sein Chi Lin Mining Co., Ltd.",Production Sharing (Small Scale),Production Sharing (Small Scale),29/2/2014,2014-03-01,2017-02-28T00:00:00Z,2017-02-28,Copper Ore,Copper Ore,49.5,49.5,"No. (1), Tamartan Street,4 Block, MinBaue Township, Magwe",84 L/1
0157/2013,"Phaung Saing General Trading Co., Ltd.","Phaung Saing General Trading Co., Ltd.",Production Sharing (Small Scale),Production Sharing (Small Scale),2013-09-18T00:00:00Z,2013-09-18,2016-09-17T00:00:00Z,2016-09-17,Lead Ore,Lead Ore,49.5,49.5,"No. (12/13), Paryami Road, (1) Tract, Laesho, Northern Shan State,",93 C/12
0159/2013,,"Phaung Saing General Trading Co., Ltd.",,Production Sharing (Small Scale),,,,,,Lead Ore,49.5,49.5,,93 C/12
0049/2013,"(Taunggyi)Thein Mining Co., Ltd.","(Taunggyi)Thein Mining Co., Ltd.",Production Sharing (Small Scale),Production Sharing (Small Scale),2013-03-07T00:00:00Z,2013-03-07,2016-03-06T00:00:00Z,2016-03-06,Lead Ore,Lead Ore,49.5,49.5,"No. 7/226, Jade Street & Mahuyar Street, Yadanarthiri Block, Taungyi Township, Shan",93 D/9 LM
0191/2013,"Sat Wine Inn Arr Mining Co., Ltd.","Sat Wine Inn Arr Mining Co., Ltd.",Production Sharing (Small Scale),Production Sharing (Small Scale),2013-01-30T00:00:00Z,2013-01-30,2016-10-29T00:00:00Z,2016-10-29,Lead Ore,Lead Ore,49.5,49.5,"No. 143, Pyauk Tite Block (4), KyaingTon Township, Shan",102 C/8 LM
0192/2013,,"Sat Wine Inn Arr Mining Co., Ltd.",,Production Sharing (Small Scale),2013-01-30T00:00:00Z,2013-01-30,2016-10-29T00:00:00Z,2016-10-29,,Lead Ore,49.5,49.5,,102 C/8 LM
0193/2013,,"Sat Wine Inn Arr Mining Co., Ltd.",,Production Sharing (Small Scale),2013-01-30T00:00:00Z,2013-01-30,2016-10-29T00:00:00Z,2016-10-29,,Lead Ore,49.5,49.5,,102 C/8 LM
0194/2013,,"Sat Wine Inn Arr Mining Co., Ltd.",,Production Sharing (Small Scale),2013-01-30T00:00:00Z,2013-01-30,2016-10-29T00:00:00Z,2016-10-29,,Lead Ore,49.5,49.5,,102 C/8 LM
0195/2013,,"Sat Wine Inn Arr Mining Co., Ltd.",,Production Sharing (Small Scale),2013-01-30T00:00:00Z,2013-01-30,2016-10-29T00:00:00Z,2016-10-29,,Lead Ore,49.5,49.5,,102 C/8 LM
0054/2014,"Phwint Phyo Thit Co., Ltd.","Phwint Phyo Thit Co., Ltd.",Production Sharing (Small Scale),Production Sharing (Small Scale),2014-02-05T00:00:00Z,2014-02-05,2017-02-04T00:00:00Z,2017-02-04,Lead Ore,Lead Ore,49.5,49.5,"B 801, Dagon Center, Bargayar Street, Sanchaung Yangon.",92 L/16
0055/2014,,"Phwint Phyo Thit Co., Ltd.",,Production Sharing (Small Scale),2014-02-05T00:00:00Z,2014-02-05,2017-02-04T00:00:00Z,2017-02-04,,Lead Ore,49.5,49.5,,92 L/16
0056/2014,,"Phwint Phyo Thit Co., Ltd.",,Production Sharing (Small Scale),2014-02-05T00:00:00Z,2014-02-05,2017-02-04T00:00:00Z,2017-02-04,,Lead Ore,49.5,49.5,,92 L/16
0057/2014,,"Phwint Phyo Thit Co., Ltd.",,Production Sharing (Small Scale),2014-02-05T00:00:00Z,2014-02-05,2017-02-04T00:00:00Z,2017-02-04,,Lead Ore,49.5,49.5,,92 L/16
0016/2014,"Inn Lay Than Lwin Mining Co., Ltd.","Inn Lay Than Lwin Mining Co., Ltd.",Production Sharing (Small Scale),Production Sharing (Small Scale),2013-12-30T00:00:00Z,2013-12-30,2016-10-29T00:00:00Z,2016-10-29,Lead Ore,Lead Ore,49.5,49.5,"No. (11-A), Khaung Street Sanchaung Township, Yangon",93 D/ 13 LM 
0223/2014,"Myanmar Gonden Tiger Co., Ltd.","Myanmar Gonden Tiger Co., Ltd.",Production Sharing (Small Scale),Production Sharing (Small Scale),2014-08-19T00:00:00Z,2014-08-19,2017-08-18T00:00:00Z,2017-08-18,Lead Ore,Lead Ore,49.5,49.5,"No. (3/98)m Nyungpingyisu Puttpathiri Township, Naypitaw",92 J/O 9-10
0224/2014,,"Myanmar Gonden Tiger Co., Ltd.",,Production Sharing (Small Scale),2014-08-19T00:00:00Z,2014-08-19,2017-08-18T00:00:00Z,2017-08-18,,Lead Ore,39.5,39.5,,92 J/O 9-10
0225/2014,,"Myanmar Gonden Tiger Co., Ltd.",,Production Sharing (Small Scale),2014-08-19T00:00:00Z,2014-08-19,2017-08-18T00:00:00Z,2017-08-18,,Lead Ore,39.5,39.5,,92 J/O 9-10
0226/2014,,"Myanmar Gonden Tiger Co., Ltd.",,Production Sharing (Small Scale),2014-08-19T00:00:00Z,2014-08-19,2017-08-18T00:00:00Z,2017-08-18,,Lead Ore,39.5,39.5,,92 J/O 9-10
0227/2014,,"Myanmar Gonden Tiger Co., Ltd.",,Production Sharing (Small Scale),2014-08-19T00:00:00Z,2014-08-19,2017-08-18T00:00:00Z,2017-08-18,,Lead Ore,39.5,39.5,,92 J/O 9-10
0228/2014,,"Myanmar Gonden Tiger Co., Ltd.",,Production Sharing (Small Scale),2014-08-19T00:00:00Z,2014-08-19,2017-08-18T00:00:00Z,2017-08-18,,Lead Ore,49.5,49.5,,92 J/O 9-10
0229/2014,,"Myanmar Gonden Tiger Co., Ltd.",,Production Sharing (Small Scale),2014-08-19T00:00:00Z,2014-08-19,2017-08-18T00:00:00Z,2017-08-18,,Lead Ore,39.5,39.5,,92 J/O 9-10
0230/2014,,"Myanmar Gonden Tiger Co., Ltd.",,Production Sharing (Small Scale),2014-08-19T00:00:00Z,2014-08-19,2017-08-18T00:00:00Z,2017-08-18,,Lead Ore,39.5,39.5,,92 J/O 9-10
0231/2014,,"Myanmar Gonden Tiger Co., Ltd.",,Production Sharing (Small Scale),2014-08-19T00:00:00Z,2014-08-19,2017-08-18T00:00:00Z,2017-08-18,,Lead Ore,39.5,39.5,,92 J/O 9-10
0232/2014,"Good Plust Star Mining Co., Ltd,","Good Plust Star Mining Co., Ltd,",Production Sharing (Small Scale),Production Sharing (Small Scale),2014-08-19T00:00:00Z,2014-08-19,2017-08-18T00:00:00Z,2017-08-18,Lead Ore,Lead Ore,49.5,49.5,"No. (141), Yandanarthiri Block, West Myo Pyat street, Taungyi Township, Shan",93 D/13 LM
0284/2014,"Yadanar Zayya Mining Co., Ltd,","Yadanar Zayya Mining Co., Ltd,",Production Sharing (Small Scale),Production Sharing (Small Scale),2014-12-03T00:00:00Z,2014-12-03,2017-12-02T00:00:00Z,2017-12-02,Lead Ore,Lead Ore,49.5,49.5,"Room (H) 35 Street, Chanayetharzan  Township, Mandalay",93 C/7 
0302/2014,"January Ko Ko Group Co., Ltd,","January Ko Ko Group Co., Ltd,",Production Sharing (Small Scale),Production Sharing (Small Scale),2014-12-24T00:00:00Z,2014-12-24,2017-12-23T00:00:00Z,2017-12-23,Copper Ore,Copper Ore,49.24,49.24,"No. 99, 29 Street, (80x 81)Street between Chanayetharzan Township, Mandalay",93 C/6F
0303/2014,,"January Ko Ko Group Co., Ltd,",,Production Sharing (Small Scale),2014-12-24T00:00:00Z,2014-12-24,2017-12-23T00:00:00Z,2017-12-23,,Copper Ore,49.59,49.59,,93 C/6F
0304/2014,,"January Ko Ko Group Co., Ltd,",,Production Sharing (Small Scale),2014-12-24T00:00:00Z,2014-12-24,2017-12-23T00:00:00Z,2017-12-23,,Copper Ore,49.59,49.59,,93 C/6F
0305/2014,,"January Ko Ko Group Co., Ltd,",,Production Sharing (Small Scale),2014-12-24T00:00:00Z,2014-12-24,2017-12-23T00:00:00Z,2017-12-23,,Copper Ore,49.59,49.59,,93 C/6F
0017/2015,"Winn Pyae Mining Co., Ltd.","Winn Pyae Mining Co., Ltd.",Production Sharing (Small Scale),Production Sharing (Small Scale),2015-01-21T00:00:00Z,2015-01-21,2020-01-20T00:00:00Z,2020-01-20,Lead Ore,Lead Ore,41.5,41.5,"No. (24/3), Kyantie Aung Street, Waeaye Kwin Block, Taunggyi Township, Shan",93 C/12 M
0018/2015,,"Winn Pyae Mining Co., Ltd.",,Production Sharing (Small Scale),2015-01-21T00:00:00Z,2015-01-21,2020-01-20T00:00:00Z,2020-01-20,,Lead Ore,49.59,49.59,,93 C/12 M
0063/2014,"Moemyinttachon Mining Co., Ltd,","Moemyinttachon Mining Co., Ltd,",Production Sharing (Small Scale),Production Sharing (Small Scale),2015-03-12T00:00:00Z,2015-03-12,2020-03-11T00:00:00Z,2020-03-11,Copper Ore,Copper Ore,49.59,49.59,"No. (233), 37 x38 street. Maharngwezin Block, Maharaungmyay Manday","93 C/6
"
0021/2010,"Haung Tharaw Aung Myay Mining Co., Ltd.","Haung Tharaw Aung Myay Mining Co., Ltd.",Production Sharing (Small Scale),Production Sharing (Small Scale),2014-01-27T00:00:00Z,2014-01-27,2015-01-26T00:00:00Z,2015-01-26,Antimony Mineral,Antimony,49.59,49.59,"No. (9), Nyineaye Street, Phatking Block, Myawlamying Township Min State",95 I/7
0007/2012,"Myanmar Universal Joint Mining Co., Ltd.","Myanmar Universal Joint Mining Co., Ltd.",Production Sharing (Small Scale),Production Sharing (Small Scale),2012-01-31T00:00:00Z,2012-01-31,2015-01-30T00:00:00Z,2015-01-30,Antimony Mineral,Antimony,16.61,16.61,"No. (31/11), Hawnan Street, Yaeayekywn Block Taunggyi Township, Shan State",94 H/11 S
0212/2012,"Si Wann Mining Co., Ltd","Si Wann Mining Co., Ltd",Production Sharing (Small Scale),Production Sharing (Small Scale),2012-11-23T00:00:00Z,2012-11-23,2015-11-22T00:00:00Z,2015-11-22,Antimony Mineral,Antimony,49.5,49.5,"H/205, Kabain Street Pankan Quarter, Loikaw Tos, Kayar",94 E/8
0110/2012,"Aung Myo Htet Family Mining Co.,Ltd.","Aung Myo Htet Family Mining Co.,Ltd.",Production Sharing (Small Scale),Production Sharing (Small Scale),2012-06-21T00:00:00Z,2012-06-21,2015-06-20T00:00:00Z,2015-06-20,Antimony Mineral,Antimony,49.5,49.5,"Noi. 16/64, Shan Kho Laung Sheet, Ward No. 12, Lashio Noruthern Shan State",93 D/6
01116/2013,"King Mountain Co., Ltd.","King Mountain Co., Ltd.",Production Sharing (Small Scale),Production Sharing (Small Scale),2013-06-17T00:00:00Z,2013-06-17,2016-06-16T00:00:00Z,2016-06-16,Antimony Mineral,Antimony,49.5,49.5,"No. 74 , 66th Street Be: 40th & 41st Street Mahar Aung Myay Township, Mandalay",93 I/5
0098/2010,"Nay Nay Mining Co., Ltd.","Nay Nay Mining Co., Ltd.",Production Sharing (Small Scale),Production Sharing (Small Scale),2014-02-19T00:00:00Z,2014-02-19,2015-02-18T00:00:00Z,2015-02-18,Antimony Mineral,Antimony,49.5,49.5,"Yadanar Housing, Dagon Seik Kan Township, Yangon",95 I/6
0332/2011,"Htoo Aung Myat Mining Co., Ltd.","Htoo Aung Myat Mining Co., Ltd.",Production Sharing (Small Scale),Production Sharing (Small Scale),,,,,Antimony Mineral,Antimony,49.5,49.5,"No. (4/35), Kyar Innn Seaik Gyim Phayar Thone Su Township, Kayin State",95 I/6
0002/2011,"Golden Shooting Star Co., Ltd.","Golden Shooting Star Co., Ltd.",Production Sharing (Small Scale),Production Sharing (Small Scale),2011-01-12T00:00:00Z,2011-01-12,2014-01-11T00:00:00Z,2014-01-11,Antimony Mineral,Antimony,49.5,49.5,"No. 160/162, 6(B) 48 st, Botataung  Township, Yangon",95 I/6
0003/2011,,"Golden Shooting Star Co., Ltd.",,Production Sharing (Small Scale),,,,,,Antimony,49.5,49.5,,95 I/6
0004/2011,,"Golden Shooting Star Co., Ltd.",,Production Sharing (Small Scale),,,,,,Antimony,49.5,49.5,,95 I/6
0204/2007,"Golden Royal Land   Co.,Ltd.","Golden Royal Land Co.,Ltd.",Production Sharing (Small Scale),Production Sharing (Small Scale),2013-11-21T00:00:00Z,2013-11-21,2016-11-20T00:00:00Z,2016-11-20,Lead  Ore,Lead Ore,49.5,49.5,"Pa-1/60, 41 Street,61 x 62 street,Mandalay",93 E/11O
0064/2012,Myanmar San Zaw Mining Co; Ltd.,Myanmar San Zaw Mining Co; Ltd.,Production Sharing (Small Scale),Production Sharing (Small Scale),2012-03-21T00:00:00Z,2012-03-21,2015-03-20T00:00:00Z,2015-03-20,Antimony Mineral,Antimony,49.5,49.5,"No. (1307)/ 13 Floorm SintrialTower, 39 street between 40 Street, Anawyathar Street, Yangon",95 I/5
0065/2012,,Myanmar San Zaw Mining Co; Ltd.,,Production Sharing (Small Scale),2012-03-21T00:00:00Z,2012-03-21,2015-03-20T00:00:00Z,2015-03-20,,Antimony,49.5,49.5,,95 I/5
0202/2013,Myanmar San Zaw Mining Co; Ltd.,Myanmar San Zaw Mining Co; Ltd.,Production Sharing (Small Scale),Production Sharing (Small Scale),2013-11-21T00:00:00Z,2013-11-21,2016-11-20T00:00:00Z,2016-11-20,Antimony Mineral,Antimony,47.75,47.75,"No. (1307)/ 13 Floorm SintrialTower, 39 street between 40 Street, Anawyathar Street, Yangon",94 L/8 & 95 I/5
0100/2013,"Ever Blue Mining Co., Ltd.","Ever Blue Mining Co., Ltd.",Production Sharing (Small Scale),Production Sharing (Small Scale),2013-06-11T00:00:00Z,2013-06-11,2016-06-10T00:00:00Z,2016-06-10,Antimony Mineral,Antimony,49.5,49.5,"Room(1), Building(E-2) Myintaryitemon housing thungangyun Township Yangon",95 I/7
0372/2011,"Ruby Dragon Mining Co., Ltd.","Ruby Dragon Mining Co., Ltd.",Production Sharing (Small Scale),Production Sharing (Small Scale),2014-10-21T00:00:00Z,2014-10-21,2015-10-20T00:00:00Z,2015-10-20,Antimony Mineral,Antimony,49.5,49.5,"No. (188), ThiriYadanar Hipermarket, Naypitaw",93 H/2 M
0373/2011,,"Ruby Dragon Mining Co., Ltd.",,Production Sharing (Small Scale),2014-10-21T00:00:00Z,2014-10-21,2015-10-20T00:00:00Z,2015-10-20,,Antimony,49.5,49.5,,93 H/2 M
0145/2014,,"Ruby Dragon Mining Co., Ltd.",,Production Sharing (Small Scale),2014-05-28T00:00:00Z,2014-05-28,2017-05-27T00:00:00Z,2017-05-27,,Antimony,49.5,49.5,,93 H/6 L
0146/2014,,"Ruby Dragon Mining Co., Ltd.",,Production Sharing (Small Scale),2014-05-28T00:00:00Z,2014-05-28,2017-05-27T00:00:00Z,2017-05-27,,Antimony,49.5,49.5,,93 H/6 L
0147/2014,,"Ruby Dragon Mining Co., Ltd.",,Production Sharing (Small Scale),2014-05-28T00:00:00Z,2014-05-28,2017-05-27T00:00:00Z,2017-05-27,,Antimony,49.5,49.5,,93 H/6 L
0148/2014,,"Ruby Dragon Mining Co., Ltd.",,Production Sharing (Small Scale),2014-05-28T00:00:00Z,2014-05-28,2017-05-27T00:00:00Z,2017-05-27,,Antimony,49.5,49.5,,93 H/6 L
0149/2014,,"Ruby Dragon Mining Co., Ltd.",,Production Sharing (Small Scale),2014-05-28T00:00:00Z,2014-05-28,2017-05-27T00:00:00Z,2017-05-27,,Antimony,49.5,49.5,,93 H/6 L
0150/2014,,"Ruby Dragon Mining Co., Ltd.",,Production Sharing (Small Scale),2014-05-28T00:00:00Z,2014-05-28,2017-05-27T00:00:00Z,2017-05-27,,Antimony,49.5,49.5,,93 H/6 L
0151/2014,,"Ruby Dragon Mining Co., Ltd.",,Production Sharing (Small Scale),2014-05-28T00:00:00Z,2014-05-28,2017-05-27T00:00:00Z,2017-05-27,,Antimony,49.5,49.5,,93 H/6 L
0152/2014,,"Ruby Dragon Mining Co., Ltd.",,Production Sharing (Small Scale),2014-05-28T00:00:00Z,2014-05-28,2017-05-27T00:00:00Z,2017-05-27,,Antimony,49.5,49.5,,93 H/6 L
0153/2014,,"Ruby Dragon Mining Co., Ltd.",,Production Sharing (Small Scale),2014-05-28T00:00:00Z,2014-05-28,2017-05-27T00:00:00Z,2017-05-27,,Antimony,49.5,49.5,,93 H/6 L
0149/2013,Su Wai Aung Industry and Manu-facturing Co; Ltd.,Su Wai Aung Industry and Manu-facturing Co; Ltd.,Production Sharing (Small Scale),Production Sharing (Small Scale),2013-08-29T00:00:00Z,2013-08-29,2016-08-28T00:00:00Z,2016-08-28,Antimony Mineral,Antimony,49.5,49.5,"No. (2),Dawngantkhar Block (1), Mor Paew Dimontso Street, Dimontso Township,  Kayar State.",94 A/14
0066/2012,"Shein Yadana Mineral Co., Ltd.","Shein Yadana Mineral Co., Ltd.",Production Sharing (Small Scale),Production Sharing (Small Scale),2012-03-30T00:00:00Z,2012-03-30,2015-03-29T00:00:00Z,2015-03-29,Antimony Mineral,Antimony,8.5,8.5,"Street 30, 72 Street  between73 Street, Top TeanLaboratory Mandalay",94 H/11 
0120/2012,"Shein Yadana Mineral Co., Ltd.","Shein Yadana Mineral Co., Ltd.",Production Sharing (Small Scale),Production Sharing (Small Scale),2012-07-10T00:00:00Z,2012-07-10,2015-07-09T00:00:00Z,2015-07-09,Antimony Mineral,Antimony,37.52,37.52,"Street 30, 72 Street  between73 Street, Top TeanLaboratory Mandalay",94 H/11 
0036/2009,"Pyae Lyan Paing Co., Ltd.","Pyae Lyan Paing Co., Ltd.",Production Sharing (Small Scale),Production Sharing (Small Scale),2014-03-06T00:00:00Z,2014-03-06,2015-03-05T00:00:00Z,2015-03-05,Antimony Mineral,Antimony,33.0,33.0,"No. (61), Ruby Street,Yadanarthiri Block, Taungyi Township, Shan",94 A/14
0037/2009,,"Pyae Lyan Paing Co., Ltd.",,Production Sharing (Small Scale),2014-03-06T00:00:00Z,2014-03-06,2015-03-05T00:00:00Z,2015-03-05,,Antimony,45.0,45.0,,94 A/14
0113/2012,"Shwe Lwal Moung Mining Co., Ltd.","Shwe Lwal Moung Mining Co., Ltd.",Production Sharing (Small Scale),Production Sharing (Small Scale),2012-07-10T00:00:00Z,2012-07-10,2015-07-09T00:00:00Z,2015-07-09,Antimony Mineral,Antimony,49.5,49.5,"No. (188), ThiriYadanar Hipermarket, Naypitaw",93 D/11  LR
0194/2012,"Shwe Lwal Moung Mining Co., Ltd.","Shwe Lwal Moung Mining Co., Ltd.",Production Sharing (Small Scale),Production Sharing (Small Scale),2014-06-25T00:00:00Z,2014-06-25,2017-06-24T00:00:00Z,2017-06-24,Antimony Mineral,Antimony,49.5,49.5,"No. (188), ThiriYadanar Hipermarket, Naypitaw",93 D/11  LR
0078/2012,"Shwe Sin Aung Myay Co., Ltd.","Shwe Sin Aung Myay Co., Ltd.",Production Sharing (Small Scale),Production Sharing (Small Scale),2012-03-30T00:00:00Z,2012-03-30,2015-03-29T00:00:00Z,2015-03-29,Antimony Mineral,Antimony,49.5,49.5,"Building  No. (5), RoomNo.(4+5), Aye YeikMon Housing, Bayint Naung Road Hlaing Township, Yangon",95 I /5
0179/2012,"Southern Powerful Dagon Co., Ltd.","Southern Powerful Dagon Co., Ltd.",Production Sharing (Small Scale),Production Sharing (Small Scale),2012-10-02T00:00:00Z,2012-10-02,2015-10-01T00:00:00Z,2015-10-01,Antimony Mineral,Antimony,49.5,49.5,"No. (188), ThiriYadanar Hipermarket, Naypitaw",93 H/3 R
0195/2012,"Southern Powerful Dagon Co., Ltd.","Southern Powerful Dagon Co., Ltd.",Production Sharing (Small Scale),Production Sharing (Small Scale),2012-10-02T00:00:00Z,2012-10-02,2015-10-01T00:00:00Z,2015-10-01,Antimony Mineral,Antimony,49.5,49.5,"No. (188), ThiriYadanar Hipermarket, Naypitaw",93 H/3 R
0179/2011,"Flower Six Mining Co., Ltd.","Flower Six Mining Co., Ltd.",Production Sharing (Small Scale),Production Sharing (Small Scale),2014-02-16T00:00:00Z,2014-02-16,2015-02-15T00:00:00Z,2015-02-15,Antimony Mineral,Antimony,49.5,49.5,"33 Street, 80 X 81 Street Between Mandalay",93 H/M
0068/2009,"Shwe Aung Linn Mining Co., Ltd.","Shwe Aung Linn Mining Co., Ltd.",Production Sharing (Small Scale),Production Sharing (Small Scale),2014-05-15T00:00:00Z,2014-05-15,2015-05-14T00:00:00Z,2015-05-14,Antimony Mineral,Antimony,49.5,49.5,"35 Street, 68 x 69 between Disp Burger Mandalay",93 E/11
0167/2013,Bagan Business Group Mining Co;Ltd.,Bagan Business Group Mining Co;Ltd.,Production Sharing (Small Scale),Production Sharing (Small Scale),2013-12-11T00:00:00Z,2013-12-11,2016-10-01T00:00:00Z,2016-10-01,Antimony Mineral,Antimony,14.14,14.14,"No. (31/11), Hawnan Street, Yaeayekywn Block Taunggyi Township, Shan State",94 H/16 S
0333/2010,Myat Thu Zar Co; Ltd.,Myat Thu Zar Co; Ltd.,Production Sharing (Small Scale),Production Sharing (Small Scale),2014-04-30T00:00:00Z,2014-04-30,2015-04-29T00:00:00Z,2015-04-29,Antimony Mineral,Antimony,49.5,49.5,"No. (191), 63 Street, 24 Street &25 Street Aungmyaytharzan Township, Mandalay",93 D/6
0334/2010,,Myat Thu Zar Co; Ltd.,,Production Sharing (Small Scale),2014-04-30T00:00:00Z,2014-04-30,2015-04-29T00:00:00Z,2015-04-29,,Antimony,49.5,49.5,,93 D/6
0335/2010,,Myat Thu Zar Co; Ltd.,,Production Sharing (Small Scale),2014-04-30T00:00:00Z,2014-04-30,2015-04-29T00:00:00Z,2015-04-29,,Antimony,49.5,49.5,,93 D/6
0209/2013,Htee Day Star Co; Ltd.,Htee Day Star Co; Ltd.,Production Sharing (Small Scale),Production Sharing (Small Scale),2013-12-04T00:00:00Z,2013-12-04,2016-12-03T00:00:00Z,2016-12-03,Antimony Mineral,Antimony,49.5,49.5,"No, (212), Khrnyo Street, Mingalar Block Loikaw Township, Kayar State.",94 E/1 LR
0102/2013,Thet Oo Gone Shein  Co; Ltd.,Thet Oo Gone Shein Co; Ltd.,Production Sharing (Small Scale),Production Sharing (Small Scale),2013-06-11T00:00:00Z,2013-06-11,2016-06-10T00:00:00Z,2016-06-10,Antimony Mineral,Antimony,49.5,49.5,,
0044/2014,Aung Phar Si Manufacturing Co; Ltd.,Aung Phar Si Manufacturing Co; Ltd.,Production Sharing (Small Scale),Production Sharing (Small Scale),2014-01-15T00:00:00Z,2014-01-15,2015-01-14T00:00:00Z,2015-01-14,Antimoni,Antimony,38.0,38.0,,94 H/5
0101/2013,Mya Htay Kywe Linn Manufacturing Co; Ltd.,Mya Htay Kywe Linn Manufacturing Co; Ltd.,Production Sharing (Small Scale),Production Sharing (Small Scale),2013-06-11T00:00:00Z,2013-06-11,2016-06-10T00:00:00Z,2016-06-10,Antimony Mineral,Antimony,49.5,49.5,"No. (C 3/4)Hight way Gate, 9 Blockm Pharan Township, Kayin State,",94 G/16
0153/2013,"Swe See Sein Industry Co.,ltd","Swe See Sein Industry Co.,ltd",Production Sharing (Small Scale),Production Sharing (Small Scale),2013-08-29T00:00:00Z,2013-08-29,2016-08-28T00:00:00Z,2016-08-28,Antimony Mineral,Antimony,48.0,48.0,"No. (5/139)Computer University Street,Bar Cut Block, Pharan Township, Kayin State,",94 E/11
0154/2013,,"Swe See Sein Industry Co.,ltd",,Production Sharing (Small Scale),2013-08-29T00:00:00Z,2013-08-29,2016-08-28T00:00:00Z,2016-08-28,,Antimony,48.0,48.0,,94 E/11
0003/2014,Aung& Saw Family Mining Co; Ltd.,Aung& Saw Family Mining Co; Ltd.,Production Sharing (Small Scale),Production Sharing (Small Scale),2013-12-18T00:00:00Z,2013-12-18,2016-12-17T00:00:00Z,2016-12-17,Antimony Mineral,Antimony,49.5,49.5,"No. (132), 93 Street, Mingalartaungnyunt Yangon.",94 E/1 LR
0001/2014,Asia Pacific Plantation Co; Ltd.,Asia Pacific Plantation Co; Ltd.,Production Sharing (Small Scale),Production Sharing (Small Scale),2013-12-18T00:00:00Z,2013-12-18,2016-12-17T00:00:00Z,2016-12-17,Antimony Mineral,Antimony,49.5,49.5,"No. (132), 93 Street, Mingalartaungnyunt Yangon.",94 E/1 LR
0002/2014,,Asia Pacific Plantation Co; Ltd.,,Production Sharing (Small Scale),2013-12-18T00:00:00Z,2013-12-18,2016-12-17T00:00:00Z,2016-12-17,,Antimony,49.5,49.5,,94 E/1 LR
0241/2011,KaYah Golden Gate Mining Co; Ltd. (Shan/South),KaYah Golden Gate Mining Co; Ltd. (Shan/South),Production Sharing (Small Scale),Production Sharing (Small Scale),,,,,Antimony Mineral,Antimony,49.5,49.5,"No. (50), 46 Street (Middle), Botathaung Township, Yangon",94/A/14
0008/2012,KaYah Golden Gate  Mining Co; Ltd. (Kayah),KaYah Golden Gate Mining Co; Ltd. (Kayah),Production Sharing (Small Scale),Production Sharing (Small Scale),2014-01-20T00:00:00Z,2014-01-20,2015-01-19T00:00:00Z,2015-01-19,Antimony Mineral,Antimony,49.5,49.5,"No. (50), 46 Street (Middle), Botathaung Township, Yangon",94 E/1 R
0368/2011,Thuwanna Myay Si Mining Co; Ltd.,Thuwanna Myay Si Mining Co; Ltd.,Production Sharing (Small Scale),Production Sharing (Small Scale),2014-10-06T00:00:00Z,2014-10-06,2015-10-05T00:00:00Z,2015-10-05,Antimony Mineral,Antimony,49.5,49.5,"No. 19, 23 Street,  Lathar Township, Yangon",95-I/5
0369/2011,,Thuwanna Myay Si Mining Co; Ltd.,,Production Sharing (Small Scale),2014-10-06T00:00:00Z,2014-10-06,2015-10-05T00:00:00Z,2015-10-05,,Antimony,49.5,49.5,,95-I/5
0004/2014,"Sein Tharaphu International Co,Ltd","Sein Tharaphu International Co,Ltd",Production Sharing (Small Scale),Production Sharing (Small Scale),2013-12-18T00:00:00Z,2013-12-18,2016-12-17T00:00:00Z,2016-12-17,Antimony Mineral,Antimony,49.5,49.5,"No. (50), Thirimon  Housing, 15 Block, Thiri (6) Street, Hlaing Township, Yangon",94 L/8
0103/2013,"Phu wai Hein Mining Co, Ltd","Phu wai Hein Mining Co, Ltd",Production Sharing (Small Scale),Production Sharing (Small Scale),2013-06-11T00:00:00Z,2013-06-11,2016-06-10T00:00:00Z,2016-06-10,Antimony Mineral,Antimony,49.5,49.5,"No. 598, Phung Gyi Street, Haleku",94 G/8
0104/2013,,"Phu wai Hein Mining Co, Ltd",,Production Sharing (Small Scale),,,,,,Antimony,49.5,49.5,,94 G/8
0376/2011,"Eastern Highland Mineral Exploration and Mining Co.,ltd","Eastern Highland Mineral Exploration and Mining Co.,ltd",Production Sharing (Small Scale),Production Sharing (Small Scale),2014-10-27T00:00:00Z,2014-10-27,2015-10-26T00:00:00Z,2015-10-26,Antimony Mineral,Antimony,49.5,49.5,"Building(15), 8 Block Thakayta MyaKhar Nyo Housing Yangon",93 K/9
0203/2009,Thein Than Mining Co; Ltd.,Thein Than Mining Co; Ltd.,Production Sharing (Small Scale),Production Sharing (Small Scale),2013-10-28T00:00:00Z,2013-10-28,2014-10-27T00:00:00Z,2014-10-27,Antimony Mineral,Antimony,49.5,49.5,"No. (521), Moekyut Street, Industry Zone (1), South Dagon  Township, Yangon",94 G/16
0370/2011,Thu Za Na Pwint Mining Co; Ltd.,Thu Za Na Pwint Mining Co; Ltd.,Production Sharing (Small Scale),Production Sharing (Small Scale),2011-10-10T00:00:00Z,2011-10-10,2014-10-09T00:00:00Z,2014-10-09,Antimony Mineral,Antimony,49.5,49.5,"No.(22), Min Ye KyawSwarLand(2), AungTharyarQuarter Than PhyuZayit",95-I/6 Y
0371/2011,,Thu Za Na Pwint Mining Co; Ltd.,,Production Sharing (Small Scale),2011-10-10T00:00:00Z,2011-10-10,2014-10-09T00:00:00Z,2014-10-09,,Antimony,49.5,49.5,,95-I/6 Y
0364/2011,Thu Ya Kan Chun Co; Ltd.,Thu Ya Kan Chun Co; Ltd.,Production Sharing (Small Scale),Production Sharing (Small Scale),2011-07-01T00:00:00Z,2011-07-01,2014-06-30T00:00:00Z,2014-06-30,Antimony Mineral,Antimony,49.5,49.5,"No. (451)Thu Mingalar Street Ward No(7) SouthOkkalarpa Township, Yangon",94 E/6-7 LW
084/2012,Htay FamilyGeneral Manufacturing Co;  Ltd.,Htay FamilyGeneral Manufacturing Co; Ltd.,Production Sharing (Small Scale),Production Sharing (Small Scale),2012-03-21T00:00:00Z,2012-03-21,2015-03-20T00:00:00Z,2015-03-20,Antimony Mineral,Antimony,45.9,45.9,"32 (B)Highland Loadge Street, (6) Wards 7 Mile Pyay Road, Mayangone  Township, Yangon",95-I/7
085/2012,,Htay FamilyGeneral Manufacturing Co; Ltd.,,Production Sharing (Small Scale),2012-03-21T00:00:00Z,2012-03-21,2015-03-20T00:00:00Z,2015-03-20,,Antimony,45.9,45.9,,95-I/7
0206/2013,,Htay FamilyGeneral Manufacturing Co; Ltd.,,Production Sharing (Small Scale),2013-11-04T00:00:00Z,2013-11-04,2016-11-03T00:00:00Z,2016-11-03,,Antimony,49.5,49.5,,95-I/7
0017/2014,,Htay FamilyGeneral Manufacturing Co; Ltd.,,Production Sharing (Small Scale),,,,,,Antimony,49.5,49.5,,95-I/7
0018/2014,,Htay FamilyGeneral Manufacturing Co; Ltd.,,Production Sharing (Small Scale),,,,,,Antimony,49.5,49.5,,95-I/7
0207/2013,,Htay FamilyGeneral Manufacturing Co; Ltd.,,Production Sharing (Small Scale),,,,,,Antimony,49.5,49.5,,95-I/7
0001/2013,Loi Khone Gold and Mining Marketing Co; Ltd.,Loi Khone Gold and Mining Marketing Co; Ltd.,Production Sharing (Small Scale),Production Sharing (Small Scale),2012-12-20T00:00:00Z,2012-12-20,2015-12-19T00:00:00Z,2015-12-19,Antimony Mineral,Antimony,49.5,49.5,"No. 49, Myaynikhone Say Street, 2nd Floor, 3-B, Myaynikhone North Block,San Chaung Township",93-K/6G
0146/2012,"San Shay Co.,ltd","San Shay Co.,ltd",Production Sharing (Small Scale),Production Sharing (Small Scale),2012-08-20T00:00:00Z,2012-08-20,2015-08-19T00:00:00Z,2015-08-19,Antimony Mineral,Antimony,49.5,49.5,"No.3/147, Hnisi Street, Word(3), Phayar Thone Su",95I/6
0178/2011,Htein Eye Mining Co; Ltd.,Htein Eye Mining Co; Ltd.,Production Sharing (Small Scale),Production Sharing (Small Scale),2014-02-14T00:00:00Z,2014-02-14,2015-02-15T00:00:00Z,2015-02-15,,Antimony,48.0,48.0,"Lawpita Road, Mya kalatzayti Road, nantbawwan, Loikaw Township, Kayar State",94 A/15 & E/3
0245/2011,Certain Mineral  ExplorationMining Co; Ltd.,Certain Mineral ExplorationMining Co; Ltd.,Production Sharing (Small Scale),Production Sharing (Small Scale),2014-03-16T00:00:00Z,2014-03-16,2015-03-15T00:00:00Z,2015-03-15,Antimony Mineral,Antimony,49.5,49.5,"No. (12/2),Aunfpan- Pintaya Street, Aryae Block, Pintaya Township Shan State",95 D/9
0159/2014,Kayan Mining Co; Ltd.,Kayan Mining Co; Ltd.,Production Sharing (Small Scale),Production Sharing (Small Scale),2014-05-28T00:00:00Z,2014-05-28,2017-05-27T00:00:00Z,2017-05-27,Antimony Mineral,Antimony,32.0,32.0,"N. (183), Khattar Street,Mingalar Block, Loikaw Township Kayar State",94 E/1 
0191/2008,Zenith Mining Co; Ltd.,Zenith Mining Co; Ltd.,Production Sharing (Small Scale),Production Sharing (Small Scale),,,,,Antimony Mineral,Antimony,49.5,49.5,"No. 48, Thamainbayan Street,Tarmawe Townshipm Yangon",94 G/11
0325/2011,"San Linn International Export and Import Co.,Ltd.","San Linn International Export and Import Co.,Ltd.",Production Sharing (Small Scale),Production Sharing (Small Scale),2014-03-25T00:00:00Z,2014-03-25,2015-03-24T00:00:00Z,2015-03-24,Iron Ore,Iron Ore,49.5,49.5,"H-20/23, 66 Pathout War Street, Myothit,  Chanmyatharsi Township, Mandalay",92 K/5 NZ
0139/2014,San Na Di Co. Ltd.,San Na Di Co. Ltd.,Production Sharing (Small Scale),Production Sharing (Small Scale),2014-05-16T00:00:00Z,2014-05-16,2017-05-15T00:00:00Z,2017-05-15,,Iron Ore,49.5,49.5,"No, (185), 12 Block, Lashio Township, Shan State",93 E /8& E/7
0140/2014,,San Na Di Co. Ltd.,,Production Sharing (Small Scale),,,,,,Iron Ore,49.5,49.5,,93 E /8& E/7
0246/2010,"Sai Kan Naw Mininfg Co., Ltd.","Sai Kan Naw Mininfg Co., Ltd.",Production Sharing (Small Scale),Production Sharing (Small Scale),,,,,Lead Ore,Lead Ore,25.0,25.0,"No.(213),Universal Road,(2) Quarter, Nansan  Myo, Shan State",93 H/9N
0366/2010,"Yandanar Gabar Mining Co., Ltd.","Yandanar Gabar Mining Co., Ltd.",Production Sharing (Small Scale),Production Sharing (Small Scale),,,,,,Lead Ore,49.5,49.5,"Build. No.(107), Kamarkyi Roard, Hinnsini Street, 30 Quarter, Thuwunna Thingangyun Township Yangon Division",93 H/9
0768/2010,,"Yandanar Gabar Mining Co., Ltd.",,Production Sharing (Small Scale),,,,,,Lead Ore,,,,93 H/9
0117/2011,"Jade King Mining Co., Ltd.","Jade King Mining Co., Ltd.",Production Sharing (Small Scale),Production Sharing (Small Scale),2014-02-04T00:00:00Z,2014-02-04,2015-02-03T00:00:00Z,2015-02-03,Iron Ore,Iron Ore,49.5,49.5,"No. 53/55, Aye Yeik Tha Lane(1), New University Avenue Street, Sayarsan  Ward Bahan Township, Yangon Division",92 J/8
0118/2011,,"Jade King Mining Co., Ltd.",,Production Sharing (Small Scale),2014-02-04T00:00:00Z,2014-02-04,2015-02-03T00:00:00Z,2015-02-03,,Iron Ore,,,,92 J/8
0119/2011,,"Jade King Mining Co., Ltd.",,Production Sharing (Small Scale),2014-02-04T00:00:00Z,2014-02-04,2015-02-03T00:00:00Z,2015-02-03,,Iron Ore,,,,92 J/8
0013/2014,"Shwe Kayin Payerme Mining Co., Ltd.","Shwe Kayin Payerme Mining Co., Ltd.",Production Sharing (Small Scale),Production Sharing (Small Scale),2014-01-22T00:00:00Z,2014-01-22,2017-01-21T00:00:00Z,2017-01-21,Antimony Mineral,Antimony,49.5,49.5,,94 L/6
0014/2014,,"Shwe Kayin Payerme Mining Co., Ltd.",,Production Sharing (Small Scale),,,,,,Antimony,,,,94 L/6
0178/2014,"Golden Silver Land Group Co., Ltd.","Golden Silver Land Group Co., Ltd.",Production Sharing (Small Scale),Production Sharing (Small Scale),2014-04-09T00:00:00Z,2014-04-09,2017-04-08T00:00:00Z,2017-04-08,Chromium,Chromium,49.5,49.5,"No. (2) Zawana Lane Yarthit Quarter,Yarthit (17)Streetm Magwe",84 L/8T
0179/2014,,"Golden Silver Land Group Co., Ltd.",,Production Sharing (Small Scale),,,,,,Chromium,,,,84 L/8T
0122/2014,"Shwe Li Mahar Mining Co., Ltd.","Shwe Li Mahar Mining Co., Ltd.",Production Sharing (Small Scale),Production Sharing (Small Scale),2014-04-09T00:00:00Z,2014-04-09,2017-04-08T00:00:00Z,2017-04-08,Antimony Mineral,Antimony,49.5,49.5,"No.(99), Thitsar Street (10) Block,Larlio Township, ShanState",93 C/12
0211/2012,"Shin Nat Taung Mining Co,. Ltd.","Shin Nat Taung Mining Co,. Ltd.",Production Sharing (Small Scale),Production Sharing (Small Scale),2012-11-23T00:00:00Z,2012-11-23,2015-11-22T00:00:00Z,2015-11-22,Antimony Mineral,Antimony,49.5,49.5,"161/A,Kyansittar Lane(1), Theehlaingshin Housing, Hlaingtharyar Township, Yangon Division",94 A/14 W
0206/2009,"PanThut Aung Co.,Ltd.","PanThut Aung Co.,Ltd.",Production Sharing (Small Scale),Production Sharing (Small Scale),,,,,Antimony Mineral,Antimony,49.5,49.5,,93 D/9
0002/2009,Phyo LinCo. Ltd.,Phyo LinCo. Ltd.,Production Sharing (Small Scale),Production Sharing (Small Scale),,,,,Lead Ore,Lead Ore,49.5,49.5,,
0003/2009,,Phyo LinCo. Ltd.,,Production Sharing (Small Scale),,,,,,Lead Ore,,,,
0609/2010,"Zinc & Chemical `Co., Ltd.","Zinc & Chemical `Co., Ltd.",Production Sharing (Small Scale),Production Sharing (Small Scale),,,,,Antimony Mineral,Antimony,49.5,49.5,,
0261/2014,"Shwe Lar Hu Co., Ltdl","Shwe Lar Hu Co., Ltdl",Production Sharing (Small Scale),Production Sharing (Small Scale),2014-10-09T00:00:00Z,2014-10-09,2019-10-08T00:00:00Z,2019-10-08,Antimony Mineral,Antimony,49.5,49.5,"2/15, Damayadanar Yaeayekwin  Block, Taung gyi Township, Yangon",93 L/15
0262/2014,,"Shwe Lar Hu Co., Ltdl",,Production Sharing (Small Scale),,,,,,Antimony,,,,93 L/15
